"Name","Year","Average.Rating","Runtime","Genre","Director","Actor","Writer","Editor","Cinematographer","Composer","Producer","Studio","Country","Language"
"The Revenant",2015,3.81,157,"drama","Alejandro González Iñárritu","Leonardo DiCaprio","Alejandro González Iñárritu","Stephen Mirrione","Emmanuel Lubezki","Ryuichi Sakamoto","Steve Golin","Monarchy Enterprises S.a.r.l.","Canada","English"
"The Ring",2002,3.31,115,"horror","Gore Verbinski","Naomi Watts","Ehren Kruger","Craig Wood","Bojan Bazelli","Hans Zimmer","Walter F. Parkes","BenderSpink","Japan","English"
"Die Hard",1988,4.08,131,"action","John McTiernan","Bruce Willis","Steven E. de Souza","John F. Link","Jan de Bont","Michael Kamen","Joel Silver","Gordon Company","USA","English"
"The Godfather",1972,4.54,175,"crime","Francis Ford Coppola","Marlon Brando","Francis Ford Coppola","William Reynolds","Gordon Willis","Nino Rota","Albert S. Ruddy","Paramount","USA","English"
"The Godfather: Part II",1974,4.53,202,"drama","Francis Ford Coppola","Al Pacino","Francis Ford Coppola","Barry Malkin","Gordon Willis","Carmine Coppola","Francis Ford Coppola","Paramount","USA","English"
"Night of the Living Dead",1968,3.98,96,"thriller","George A. Romero","Duane Jones","George A. Romero","George A. Romero","George A. Romero",NA,"Russell Streiner","Image Ten","USA","English"
"Schindler's List",1993,4.42,195,"war","Steven Spielberg","Liam Neeson","Steven Zaillian","Michael Kahn","Janusz Kaminski","John Williams","Steven Spielberg","Universal Pictures","USA","English"
"Sling Blade",1996,3.83,135,"drama","Billy Bob Thornton","Billy Bob Thornton","Billy Bob Thornton","Hughes Winborne","Barry Markowitz","Daniel Lanois","Larry Meistrich","Miramax","USA","English"
"Selma",2014,3.77,127,"drama","Ava DuVernay","David Oyelowo","Paul Webb","Spencer Averick","Bradford Young","Jason Moran","Brad Pitt","Plan B Entertainment","UK","English"
"Colossal",2016,3.22,109,"drama","Nacho Vigalondo","Anne Hathaway","Nacho Vigalondo","Luke Doolan","Eric Kress","Bear McCreary","Anne Hathaway","Toy Fight Productions","Canada","English"
"The Good, the Bad and the Ugly",1966,4.41,161,"western","Sergio Leone","Clint Eastwood","Sergio Leone","Nino Baragli","Tonino Delli Colli","Ennio Morricone","Alberto Grimaldi","United Artists","USA","Italian"
"Aliens",1986,4.13,137,"thriller","James Cameron","Sigourney Weaver","David Giler","Ray Lovejoy","Adrian Biddle","James Horner","Gale Anne Hurd","Brandywine Productions","USA","English"
"Hunt for the Wilderpeople",2016,4.04,101,"adventure","Taika Waititi","Sam Neill","Taika Waititi","Yana Gorskaya","Lachlan Milne","Lukasz Pawel Buda","Taika Waititi","Defender Films","New Zealand","English"
"American History X",1998,4.04,119,"drama","Tony Kaye","Edward Norton","David McKenna","Gerald B. Greenberg","Tony Kaye","Anne Dudley","Steve Tisch","New Line Cinema","USA","English"
"Sing Street",2016,3.97,106,"comedy","John Carney","Ferdia Walsh-Peelo","John Carney","Andrew Marcus","Yaron Orbach",NA,"Anthony Bregman","Cosmo Film","USA","English"
"The Green Mile",1999,4.1,189,"fantasy","Frank Darabont","Tom Hanks","Stephen King","Richard Francis-Bruce","David Tattersall","Thomas Newman","David Valdes","Castle Rock Entertainment","USA","English"
"Dazed and Confused",1993,3.93,102,"drama","Richard Linklater","Jason London","Richard Linklater","Sandra Adair","Lee Daniel",NA,"Richard Linklater","Gramercy Pictures","USA","English"
"Warrior",2011,3.9,140,"drama","Gavin O'Connor","Joel Edgerton","Gavin O'Connor","Matt Chesse","Masanobu Takayanagi","Mark Isham","Lisa Ellzey","Lionsgate","USA","English"
"Catch Me If You Can",2002,3.99,141,"drama","Steven Spielberg","Leonardo DiCaprio","Jeff Nathanson","Michael Kahn","Janusz Kaminski","John Williams","Steven Spielberg","Parkes/MacDonald Productions","USA","English"
"Hell or High Water",2016,3.87,102,"crime","David Mackenzie","Jeff Bridges","Taylor Sheridan","Jake Roberts","Giles Nuttgens","Nick Cave","Gigi Pritzker","Sidney Kimmel Entertainment","USA","English"
"A Single Man",2009,3.85,97,"drama","Tom Ford","Colin Firth","Christopher Isherwood","Joan Sobel","Eduard Grau","Abel Korzeniowski","Chris Weitz","Fade to Black Productions","USA","English"
"Platoon",1986,3.85,120,"action","Oliver Stone","Charlie Sheen","Oliver Stone","Claire Simpson","Robert Richardson","Georges Delerue","Derek Gibson","Hemdale Film Corporation","USA","English"
"Kiss Kiss Bang Bang",2005,3.74,103,"crime","Shane Black","Robert Downey Jr.","Shane Black","Jim Page","Michael Barrett","John Ottman","Joel Silver","Silver Pictures","USA","English"
"The Tree of Life",2011,3.8,139,"drama","Terrence Malick","Brad Pitt","Terrence Malick","Jay Rabinowitz","Emmanuel Lubezki","Alexandre Desplat","Brad Pitt","Plan B Entertainment","USA","English"
"Dallas Buyers Club",2013,3.86,117,"history","Jean-Marc Vallée","Matthew McConaughey","Melisa Wallack","Jean-Marc Vallée","Yves Bélanger",NA,"Holly Wiersma","Universal Pictures","USA","English"
"Midnight in Paris",2011,3.71,94,"fantasy","Woody Allen","Owen Wilson","Woody Allen","Alisa Lepselter","Darius Khondji",NA,"Letty Aronson","Pontchartrain Productions","Spain","English"
"The King's Speech",2010,3.73,118,"history","Tom Hooper","Colin Firth","David Seidler","Tariq Anwar","Danny Cohen","Alexandre Desplat","Geoffrey Rush","The Weinstein Company","UK","English"
"Mud",2012,3.64,130,"drama","Jeff Nichols","Matthew McConaughey","Jeff Nichols","Julie Monroe","Adam Stone","David Wingo","Aaron Ryder","Everest Entertainment","USA","English"
"The Aviator",2004,3.68,170,"drama","Martin Scorsese","Leonardo DiCaprio","John Logan","Thelma Schoonmaker","Robert Richardson","Howard Shore","Michael Mann","Miramax","Germany","English"
"Steve Jobs",2015,3.57,122,"history","Danny Boyle","Michael Fassbender","Aaron Sorkin","Elliot Graham","Alwin H. Kuchler","Daniel Pemberton","Danny Boyle","Universal Pictures","UK","English"
"T2 Trainspotting",2017,3.49,117,"crime","Danny Boyle","Ewan McGregor","Irvine Welsh","Jon Harris","Anthony Dod Mantle","Rick Smith","Danny Boyle","Creative Scotland","UK","English"
"The Imitation Game",2014,3.74,113,"history","Morten Tyldum","Benedict Cumberbatch","Graham Moore","William Goldenberg","Óscar Faura","Alexandre Desplat","Graham Moore","Bristol Automotive","UK","English"
"The Town",2010,3.59,125,"drama","Ben Affleck","Ben Affleck","Ben Affleck","Dylan Tichenor","Robert Elswit","Harry Gregson-Williams","David Crockett","Legendary Pictures","USA","English"
"Pusher II: With Blood on My Hands",2004,3.79,100,"drama","Nicolas Winding Refn","Mads Mikkelsen","Nicolas Winding Refn","Janus Billeskov Jansen","Morten Søborg","Peter Peter","Kim Magnusson","NWR Film Productions","Denmark","Danish"
"Pusher",1996,3.64,105,"thriller","Nicolas Winding Refn","Kim Bodnia","Nicolas Winding Refn","Anne Østerud","Morten Søborg","Povl Kristian","Peter Aalbæk Jensen","Balboa Entertainment","Denmark","Danish"
"Pusher III",2005,3.66,108,"action","Nicolas Winding Refn","Zlatko Buric","Nicolas Winding Refn","Anne Østerud","Morten Søborg","Peter Peter","Kim Magnusson","NWR Film Productions","Denmark","Danish"
"Apocalypse Now",1979,4.36,147,"war","Francis Ford Coppola","Marlon Brando","Francis Ford Coppola","Walter Murch","Vittorio Storaro","Francis Ford Coppola","Francis Ford Coppola","United Artists","USA","English"
"Best F(r)iends: Volume 1",2017,2.62,108,"thriller","Justin MacGregor","Greg Sestero","Greg Sestero","Justin MacGregor","Justin MacGregor","Daniel 'Z' Platzman","Greg Sestero","VoVo Productions","USA","English"
"Brigsby Bear",2017,3.79,97,"comedy","Dave McCary","Kyle Mooney","Kyle Mooney","Jacob Craycroft","Christian Sprenger","David Wingo","Akiva Schaffer","3311 Productions","USA","English"
"Woodshock",2017,2.46,100,"drama","Kate Mulleavy","Kirsten Dunst","Kate Mulleavy","Dino Jonsäter","Peter Flinckenberg",NA,"Kirsten Dunst","Waypoint Entertainment","USA","English"
"Molly's Game",2017,3.52,140,"crime","Aaron Sorkin","Jessica Chastain","Aaron Sorkin","Alan Baumgarten","Charlotte Bruus Christensen","Daniel Pemberton","Mark Gordon","The Mark Gordon Company","USA","English"
"Darkest Hour",2017,3.41,125,"history","Joe Wright","Gary Oldman","Anthony McCarten","Valerio Bonelli","Bruno Delbonnel","Dario Marianelli","Tim Bevan","Perfect World Pictures","UK","English"
"Carol",2015,3.98,118,"drama","Todd Haynes","Rooney Mara","Patricia Highsmith","Affonso Gonçalves","Edward Lachman","Carter Burwell","Tessa Ross","Killer Films","UK","English"
"The Post",2017,3.4,116,"drama","Steven Spielberg","Meryl Streep","Josh Singer","Michael Kahn","Janusz Kaminski","John Williams","Steven Spielberg","20th Century Fox","USA","English"
"Brawl in Cell Block 99",2017,3.68,132,"action","S. Craig Zahler","Vince Vaughn","S. Craig Zahler","Greg D'Auria","Benji Bakshi","S. Craig Zahler","Jack Nasser","XYZ Films","USA","English"
"Titanic",1997,3.76,194,"romance","James Cameron","Leonardo DiCaprio","James Cameron","James Cameron","Russell Carpenter","James Horner","James Cameron","Paramount","USA","English"
"Gravity",2013,3.51,91,"science-fiction","Alfonso Cuarón","Sandra Bullock","Alfonso Cuarón","Alfonso Cuarón","Emmanuel Lubezki","Steven Price","David Heyman","Esperanto Filmoj","UK","English"
"Lion",2016,3.83,118,"drama","Garth Davis","Dev Patel","Luke Davies","Alexandre de Franceschi","Greig Fraser","Dustin O'Halloran","Bob Weinstein","The Weinstein Company","Australia","English"
"Psycho",1960,4.31,109,"drama","Alfred Hitchcock","Anthony Perkins","Robert Bloch","George Tomasini","John L. Russell","Bernard Herrmann","Alfred Hitchcock","Shamley Productions","USA","English"
"The Square",2017,3.58,151,"drama","Ruben Östlund","Claes Bang","Ruben Östlund","Ruben Östlund","Fredrik Wenzel",NA,"Bradley Thomas","ZDF/Arte","Denmark","English"
"Silver Linings Playbook",2012,3.61,122,"drama","David O. Russell","Bradley Cooper","David O. Russell","Jay Cassidy","Masanobu Takayanagi","Danny Elfman","Bruce Cohen","The Weinstein Company","USA","English"
"The Great Gatsby",2013,3.34,143,"drama","Baz Luhrmann","Leonardo DiCaprio","Baz Luhrmann","Jason Ballantine","Simon Duggan","Craig Armstrong","Barrie M. Osborne","Spectrum Films","USA","English"
"V for Vendetta",2005,3.8,132,"thriller","James McTeigue","Natalie Portman","Lilly Wachowski","Martin Walsh","Adrian Biddle","Dario Marianelli","Joel Silver","Studio Babelsberg","Germany","English"
"Looper",2012,3.52,118,"science-fiction","Rian Johnson","Joseph Gordon-Levitt","Rian Johnson","Bob Ducsay","Steve Yedlin","Nathan Johnson","Julie Goldstein","TriStar Pictures","USA","English"
"Gladiator",2000,3.97,155,"action","Ridley Scott","Russell Crowe","David Franzoni","Pietro Scalia","John Mathieson","Hans Zimmer","Ridley Scott","Universal Pictures","UK","English"
"The Neon Demon",2016,3.22,118,"horror","Nicolas Winding Refn","Elle Fanning","Nicolas Winding Refn","Matthew Newman","Natasha Braier","Cliff Martinez","Vincent Maraval","Amazon Studios","Denmark","English"
"Stand by Me",1986,4.11,89,"drama","Rob Reiner","Wil Wheaton","Stephen King","Robert Leighton","Thomas Del Ruth","Jack Nitzsche","Bruce A. Evans","Columbia Pictures","USA","English"
"Inherent Vice",2014,3.57,149,"mystery","Paul Thomas Anderson","Joaquin Phoenix","Paul Thomas Anderson","Leslie Jones","Robert Elswit","Jonny Greenwood","Scott Rudin","IAC Films","USA","English"
"Scarface",1983,4.03,170,"thriller","Brian De Palma","Al Pacino","Oliver Stone","Gerald B. Greenberg","John A. Alonzo","Giorgio Moroder","Martin Bregman","Universal Pictures","USA","English"
"Suspiria",1977,3.96,99,"horror","Dario Argento","Jessica Harper","Dario Argento","Franco Fraticelli","Luciano Tovoli","Dario Argento","Claudio Argento","Seda Spettacoli","Italy","Italian"
"Hail, Caesar!",2016,3.21,106,"mystery","Joel Coen","Josh Brolin","Joel Coen","Joel Coen","Roger Deakins","Carter Burwell","Joel Coen","Universal Pictures","USA","English"
"Heat",1995,4.16,170,"drama","Michael Mann","Al Pacino","Michael Mann","William Goldenberg","Dante Spinotti","Elliot Goldenthal","Arnon Milchan","Regency Enterprises","USA","English"
"Heathers",1989,3.81,103,"comedy","Michael Lehmann","Winona Ryder","Daniel Waters","Norman Hollyn","Francis Kenny","David Newman","Denise Di Novi","New World Pictures","USA","English"
"Breakfast at Tiffany's",1961,3.74,114,"comedy","Blake Edwards","Audrey Hepburn","Truman Capote","Howard A. Smith","Philip H. Lathrop","Henry Mancini","Martin Jurow","Paramount","USA","English"
"127 Hours",2010,3.48,94,"drama","Danny Boyle","James Franco","Danny Boyle","Jon Harris","Anthony Dod Mantle","A. R. Rahman","Tessa Ross","Fox Searchlight Pictures","UK","English"
"O Brother, Where Art Thou?",2000,3.88,107,"adventure","Joel Coen","George Clooney","Joel Coen","Joel Coen","Roger Deakins","T Bone Burnett","Ethan Coen","Mike Zoss Productions","France","English"
"Gangs of New York",2002,3.61,167,"history","Martin Scorsese","Leonardo DiCaprio","Steven Zaillian","Thelma Schoonmaker","Michael Ballhaus","Howard Shore","Bob Weinstein","Miramax","Italy","English"
"Mommy",2014,4.24,138,"drama","Xavier Dolan","Anne Dorval","Xavier Dolan","Xavier Dolan","André Turpin","Noia","Xavier Dolan","Téléfilm Canada","Canada","French"
"Carrie",1976,3.84,98,"horror","Brian De Palma","Sissy Spacek","Stephen King","Paul Hirsch","Mario Tosi","Pino Donaggio","Paul Monash","United Artists","USA","English"
"Close Encounters of the Third Kind",1977,3.81,135,"drama","Steven Spielberg","Richard Dreyfuss","Steven Spielberg","Michael Kahn","Vilmos Zsigmond","John Williams","Clark L. Paylow","Julia Phillips and Michael Phillips Productions","USA","English"
"The Hunt",2012,4.19,116,"drama","Thomas Vinterberg","Mads Mikkelsen","Thomas Vinterberg","Janus Billeskov Jansen","Charlotte Bruus Christensen","Nikolaj Egelund","Sisse Graum Jørgensen","Zentropa Entertainments","Denmark","Danish"
"I Killed My Mother",2009,3.77,96,"drama","Xavier Dolan","Xavier Dolan","Xavier Dolan","Hélène Girard","Stéphanie Weber Biron","Nicholas Savard L'Herbier","Carole Mondello","Indie Dandy Productions","Canada","French"
"Revenge of the Green Dragons",2014,2.12,95,"crime","Andrew Lau","Justin Chon","Michael Di Jiacomo","Michelle Tesoro","Martin Ahlgren","Mark Kilian","Martin Scorsese","Artfire Films","Hong Kong","English"
"The Captive",2014,2.67,112,"thriller","Atom Egoyan","Ryan Reynolds","Atom Egoyan","Susan Shipton","Paul Sarossy","Mychael Danna","Simone Urdl","The Film Farm","Canada","English"
"Son of a Gun",2014,2.88,108,"action","Julius Avery","Ewan McGregor","Julius Avery","Jack Hutchings","Nigel Bluck","Jed Kurzel","John Collee","Media House Capital","Australia","English"
"While We're Young",2014,3.23,97,"comedy","Noah Baumbach","Ben Stiller","Noah Baumbach","Jennifer Lame","Sam Levy","James Murphy","Scott Rudin","Scott Rudin Productions","USA","English"
"Cut Bank",2014,2.68,92,"thriller","Matt Shakman","Liam Hemsworth","Roberto Patino","Carol Littleton","Ben Richardson","James Newton Howard","Edward Zwick","Kilburn Media","USA","English"
"Slow West",2015,3.52,84,"action","John Maclean","Michael Fassbender","John Maclean","Jon Gregory","Robbie Ryan","Jed Kurzel","Michael Fassbender","DMC Films","New Zealand","English"
"Barely Lethal",2015,2.3,96,"romance","Kyle Newman","Hailee Steinfeld","John D'Arco","Lisa Zeno Churgin","Peter Lyons Collister","Mateo Messina",NA,"RKO Pictures LLC","USA","English"
"Amy",2015,3.94,128,"music","Asif Kapadia","Amy Winehouse","Asif Kapadia","Chris King","Jake Clennell","Antonio Pinto","Adam Barker","On the Corner Films","UK","English"
"The End of the Tour",2015,3.67,106,"drama","James Ponsoldt","Jason Segel","Donald Margulies","Darrin Navarro","Jakob Ihre","Danny Elfman","David Kanter","Anonymous Content","USA","English"
"Dark Places",2015,2.58,113,"thriller","Gilles Paquet-Brenner","Charlize Theron","Gilles Paquet-Brenner","Douglas Crise","Barry Ackroyd","Gregory Tripi","Charlize Theron","Denver and Delilah Productions","France","English"
"Mississippi Grind",2015,3.34,108,"drama","Ryan Fleck","Ben Mendelsohn","Ryan Fleck","Anna Boden","Andrij Parekh","Scott Bomar","Randall Emmett","Electric City Entertainment","USA","English"
"Mojave",2015,2.27,93,"thriller","William Monahan","Garrett Hedlund","William Monahan","John David Allen","Don Davis","Andrew Hewitt","William Monahan","Atlas Independent","USA","English"
"Remember",2015,3.45,94,"thriller","Atom Egoyan","Christopher Plummer","Benjamin August","Christopher Donaldson","Paul Sarossy","Mychael Danna","Robert Lantos","Serendipity Point Films","Canada","English"
"The Adderall Diaries",2015,2.3,105,"thriller","Pamela Romanowsky","James Franco","Pamela Romanowsky","Marc Vives","Bruce Thierry Cheung","Michael Andrews","James Franco","Rabbit Bandini Productions","USA","English"
"De Palma",2015,3.67,108,"documentary","Noah Baumbach","Brian De Palma",NA,"Matt Mayer",NA,NA,"Scott Rudin","Boxmotion","USA","English"
"Equals",2015,2.85,101,"drama","Drake Doremus","Nicholas Hoult","Nathan Parker","Jonathan Alberts","John Guleserian","Dustin O'Halloran","Ridley Scott","Scott Free Productions","USA","English"
"Into the Forest",2015,2.93,101,"science-fiction","Patricia Rozema","Elliot Page","Patricia Rozema","Matthew Hannam","Daniel Grant","Max Richter","Niv Fichman","Rhombus Media","Canada","English"
"Morris from America",2016,3.26,89,"drama","Chad Hartigan","Markees Christmas","Chad Hartigan","Anne Fabini","Sean McElwee","Keegan DeWitt","Adele Romanski","Beachside Films","USA","English"
"The Sea of Trees",2015,2.63,110,"drama","Gus Van Sant","Matthew McConaughey","Chris Sparling","Pietro Scalia","Kasper Tuxen","Mason Bates","Gil Netter","Waypoint Entertainment","USA","English"
"American Honey",2016,3.76,163,"drama","Andrea Arnold","Sasha Lane","Andrea Arnold","Joe Bini","Robbie Ryan",NA,"Celine Rattray","BFI","UK","English"
"Supersonic",2016,3.78,117,"documentary","Mat Whitecross","Noel Gallagher",NA,"Paul Monaghan",NA,"Rael Jones","Simon Halfon","On the Corner Films","UK","English"
"The Monster",2016,2.7,91,"drama","Bryan Bertino","Zoe Kazan","Bryan Bertino","Maria Gonzales","Julie Kirkwood","Tom Hajdu","William Green","Atlas Independent","Canada","English"
"Trespass Against Us",2016,2.85,99,"crime","Adam Smith","Michael Fassbender","Alastair Siddons","Kristina Hetherington","Eduard Grau","Tom Rowlands","Tessa Ross","Potboiler Productions","UK","English"
"The Blackcoat's Daughter",2015,3.27,93,"horror","Oz Perkins","Emma Roberts","Oz Perkins","Brian Ufberg","Julie Kirkwood","Elvis Perkins","Bryan Bertino","Zed Filmworks","Canada","English"
"The Lovers",2017,3.1,94,"comedy","Azazel Jacobs","Debra Winger","Azazel Jacobs","Darrin Navarro","Tobias Datum","Mandy Hoffman","Ben LeClair","A24","USA","English"
"The Exception",2016,2.97,107,"war","David Leveaux","Lily James","Simon Burke","Nicolas Gaster","Roman Osin","Ilan Eshkeri","Jens Meurer","Egoli Tossell KLK","UK","English"
"Menashe",2017,3.28,82,"drama","Joshua Z Weinstein","Menashe Lustig","Alex Lipschultz","Scott Cummings","Joshua Z Weinstein",NA,"Chris Columbus","Maiden Voyage Pictures","USA","Yiddish"
"The Ballad of Lefty Brown",2017,3.04,105,"western","Jared Moshé","Bill Pullman","Jared Moshé","Terel Gibson","David McFarland","H. Scott Salinas","Neda Armian","Higher Content","USA","English"
"Elle",2016,3.64,130,"thriller","Paul Verhoeven","Isabelle Huppert","Philippe Djian","Job ter Burg","Stéphane Fontaine","Anne Dudley","Saïd Ben Saïd","France 2 Cinéma","Belgium","French"
"The Artist",2011,3.67,100,"comedy","Michel Hazanavicius","Jean Dujardin","Michel Hazanavicius","Michel Hazanavicius","Guillaume Schiffman","Ludovic Bource","Thomas Langmann","uFilm","Belgium","English"
"Hostiles",2017,3.46,134,"western","Scott Cooper","Christian Bale","Donald Stewart","Tom Cross","Masanobu Takayanagi","Max Richter","Donald Stewart","Entertainment Studios Motion Pictures","USA","English"
"A Scanner Darkly",2006,3.48,100,"thriller","Richard Linklater","Keanu Reeves","Richard Linklater","Sandra Adair","Shane F. Kelly","Graham Reynolds","Anne Walker-McBay","Warner Independent Pictures (WIP)","USA","English"
"Things to Come",2016,3.67,102,"drama","Mia Hansen-Løve","Isabelle Huppert","Mia Hansen-Løve","Marion Monnier","Denis Lenoir",NA,"Charles Gillibert","PROCIREP","Germany","French"
"Rashomon",1950,4.18,88,"crime","Akira Kurosawa","Toshiro Mifune","Akira Kurosawa","Akira Kurosawa","Kazuo Miyagawa","Fumio Hayasaka","Jingo Minoura","Daiei Film","Japan","Japanese"
"Ran",1985,4.37,160,"drama","Akira Kurosawa","Tatsuya Nakadai","Akira Kurosawa","Akira Kurosawa","Asakazu Nakai","Toru Takemitsu","Serge Silberman","Nippon Herald Films","Japan","Japanese"
"Ikiru",1952,4.41,143,"drama","Akira Kurosawa","Takashi Shimura","Akira Kurosawa","Akira Kurosawa","Asakazu Nakai","Fumio Hayasaka","Sojiro Motoki","Toho Co.","Japan","Japanese"
"Yojimbo",1961,4.23,110,"drama","Akira Kurosawa","Toshiro Mifune","Akira Kurosawa","Akira Kurosawa","Kazuo Miyagawa","Masaru Sato","Akira Kurosawa","Toho Co.","Japan","Japanese"
"Throne of Blood",1957,4.18,108,"drama","Akira Kurosawa","Toshiro Mifune","Akira Kurosawa","Akira Kurosawa","Asakazu Nakai","Masaru Sato","Akira Kurosawa","Toho Co.","Japan","Japanese"
"The Hidden Fortress",1958,4.05,139,"drama","Akira Kurosawa","Toshiro Mifune","Akira Kurosawa","Akira Kurosawa","Kazuo Yamasaki","Masaru Sato","Akira Kurosawa","Toho Co.","Japan","Japanese"
"Sanjuro",1962,4.04,96,"action","Akira Kurosawa","Toshiro Mifune","Akira Kurosawa","Akira Kurosawa","Takao Saito","Masaru Sato","Tomoyuki Tanaka","Toho Co.","Japan","Japanese"
"Kagemusha",1980,4.08,180,"drama","Akira Kurosawa","Tatsuya Nakadai","Akira Kurosawa","Akira Kurosawa","Takao Saito","Shinichirô Ikebe","George Lucas","Toho Co.","Japan","Japanese"
"Pan's Labyrinth",2006,4.15,118,"war","Guillermo del Toro","Ivana Baquero","Guillermo del Toro","Bernat Vilaplana","Guillermo Navarro","Javier Navarrete","Alfonso Cuarón","Estudios Picasso","Mexico","Spanish"
"Walk the Line",2005,3.76,136,"music","James Mangold","Joaquin Phoenix","James Mangold","Michael McCusker","Phedon Papamichael","T Bone Burnett","James Keach","Mars Media Beteiligungs","Germany","English"
"Life of Brian",1979,3.94,94,"comedy","Terry Jones","Graham Chapman","Terry Gilliam","Julian Doyle","Peter Biziou","Geoffrey Burgon","John Goldstone","HandMade Films","UK","English"
"Amores Perros",2000,4.04,154,"thriller","Alejandro González Iñárritu","Gael García Bernal","Guillermo Arriaga","Alejandro González Iñárritu","Rodrigo Prieto","Gustavo Santaolalla","Alejandro González Iñárritu","Altavista Films","Mexico","Spanish"
"A Fantastic Woman",2017,3.71,104,"drama","Sebastián Lelio","Daniela Vega","Sebastián Lelio","Soledad Salfate","Benjamín Echazarreta","Matthew Herbert","Pablo Larraín","Komplizen Film","Chile","Spanish"
"My Left Foot: The Story of Christy Brown",1989,3.81,103,"drama","Jim Sheridan","Daniel Day-Lewis","Shane Connaughton","J. Patrick Duffner","Jack Conroy","Elmer Bernstein","Noel Pearson","Ferndale Films","Ireland","English"
"Milk",2008,3.67,128,"history","Gus Van Sant","Sean Penn","Dustin Lance Black","Elliot Graham","Harris Savides","Danny Elfman","Bruce Cohen","Groundswell Productions","USA","English"
"Trumbo",2015,3.32,124,"drama","Jay Roach","Bryan Cranston","John McNamara","Alan Baumgarten","Jim Denault","Theodore Shapiro","Jay Roach","ShivHans Pictures","USA","English"
"Gook",2017,3.59,94,"drama","Justin Chon","Justin Chon","Justin Chon","Rooth Tang","Ante Cheng","Roger Suen","James J. Yi","Tunnel Post","USA","English"
"Disobedience",2017,3.54,114,"romance","Sebastián Lelio","Rachel Weisz","Rebecca Lenkiewicz","Nathan Nugent","Danny Cohen","Matthew Herbert","Rachel Weisz","Braven Films","USA","English"
"Love, Simon",2018,3.53,110,"drama","Greg Berlanti","Nick Robinson","Isaac Aptaker","Harry Jierjian","John Guleserian","Rob Simonsen","Wyck Godfrey","Temple Hill Entertainment","USA","English"
"Spartacus",1960,3.73,197,"war","Stanley Kubrick","Kirk Douglas","Dalton Trumbo","Robert Lawrence","Russell Metty","Alex North","Kirk Douglas","Bryna Productions","USA","English"
"Lolita",1962,3.56,154,"drama","Stanley Kubrick","James Mason","Vladimir Nabokov","Anthony Harvey","Oswald Morris","Nelson Riddle","James B. Harris","Seven Arts Productions","UK","English"
"Gemini",2017,2.82,93,"crime","Aaron Katz","Lola Kirke","Aaron Katz","Aaron Katz","Andrew Reed","Keegan DeWitt","Adele Romanski","Neon","USA","English"
"Tampopo",1985,4.23,115,"comedy","Juzo Itami","Tsutomu Yamazaki","Juzo Itami","Akira Suzuki","Masaki Tamura","Kunihiko Murai","Juzo Itami","New Century Producers","Japan","Japanese"
"The House That Jack Built",2018,3.58,151,"thriller","Lars von Trier","Matt Dillon","Lars von Trier","Jacob Secher Schulsinger","Manuel Alberto Claro",NA,"Peter Aalbæk Jensen","Zentropa Entertainments","Denmark","English"
"The Seagull",2018,2.77,98,"comedy","Michael Mayer","Annette Bening","Stephen Karam","Annette Davey","Matthew J. Lloyd","Nico Muhly","Tom Hulce","KGB Media","USA","English"
"Videodrome",1983,3.84,88,"science-fiction","David Cronenberg","James Woods","David Cronenberg","Ronald Sanders","Mark Irwin","Howard Shore","Claude Héroux","Universal Pictures","Canada","English"
"Winter Light",1963,4.16,80,"drama","Ingmar Bergman","Gunnar Björnstrand","Ingmar Bergman","Ulla Ryghe","Sven Nykvist","Evald Andersson","Allan Ekelund","SF Studios","Sweden","Swedish"
"Taking Lives",2004,2.73,103,"crime","D. J. Caruso","Angelina Jolie","Jon Bokenkamp","Anne V. Coates","Amir Mokri","Philip Glass","Bruce Berman","Village Roadshow Pictures","USA","English"
"Adopt a Highway",2019,3.25,78,"drama","Logan Marshall-Green","Ethan Hawke","Logan Marshall-Green","Claudia Castello","Pepe Avila del Pino","Jason Isbell","Ethan Hawke","Blumhouse Productions","USA","English"
"Her Smell",2018,3.53,136,"drama","Alex Ross Perry","Elisabeth Moss","Alex Ross Perry","Robert Greene","Sean Price Williams","Keegan DeWitt","Elisabeth Moss","Bow + Arrow Entertainment","USA","English"
"A Face in the Crowd",1957,4.17,125,"drama","Elia Kazan","Andy Griffith","Budd Schulberg","Gene Milford","Gayne Rescher","Tom Glazer","Elia Kazan","Newtown Productions","USA","English"
"Police Story",1985,3.96,101,"action","Jackie Chan","Jackie Chan","Jackie Chan","Peter Cheung","Yiu-Tsou Cheung","Michael Lai Siu-Tin","Raymond Chow Man-Wai","Golden Way Films Ltd.","Hong Kong","Cantonese"
"Hanna",2011,3.35,111,"action","Joe Wright","Saoirse Ronan","David Farr","Paul Tothill","Alwin H. Kuchler",NA,"Leslie Holleran","Focus Features","Germany","English"
"Moneyball",2011,3.78,134,"drama","Bennett Miller","Brad Pitt","Steven Zaillian","Christopher Tellefsen","Wally Pfister","Mychael Danna","Brad Pitt","Columbia Pictures","USA","English"
"Paris, Je T'Aime",2006,3.35,120,"drama","Isabel Coixet","Steve Buscemi","Isabel Coixet","Mathilde Bonnefoy","Jean-Claude Larrieu","Pierre Adenot","Maria Köpf","Filmazure","France","French"
"Revenge",2017,3.47,109,"action","Coralie Fargeat","Matilda Anna Ingrid Lutz","Coralie Fargeat","Coralie Fargeat","Robrecht Heyvaert","Robin Coudert","Marc Stanimirovic","M.E.S. Productions","Belgium","French"
"Luce",2019,3.46,109,"thriller","Julius Onah","Kelvin Harrison Jr.","Julius Onah","Madeleine Gavin","Larkin Seiple","Geoff Barrow","Andrew Yang","Dream Factory Group","USA","English"
"Motherless Brooklyn",2019,3.14,145,"drama","Edward Norton","Edward Norton","Edward Norton","Joe Klotz","Dick Pope","Daniel Pemberton","Edward Norton","Class 5 Films","USA","English"
"Unbelievable",2019,4.22,385,"crime","Lisa Cholodenko","Kaitlyn Dever"," Review by ChrisTheOddity ",NA,NA,"Will Bates","Susannah Grant","CBS Television Studios","USA","English"
"The Last Temptation of Christ",1988,3.84,164,"drama","Martin Scorsese","Willem Dafoe","Martin Scorsese","Thelma Schoonmaker","Michael Ballhaus","Peter Gabriel","Barbara De Fina","Universal Pictures","USA","English"
"Charlie's Angels",2019,2.67,118,"comedy","Elizabeth Banks","Kristen Stewart","Elizabeth Banks","Alan Baumgarten","Bill Pope","Brian Tyler","Nancy Juvonen","Sony Pictures","USA","English"
"Dark Waters",2019,3.7,127,"thriller","Todd Haynes","Mark Ruffalo","Matthew Michael Carnahan","Affonso Gonçalves","Edward Lachman","Marcelo Zarvos","Mark Ruffalo","Participant","USA","English"
"Mistress America",2015,3.62,84,"comedy","Noah Baumbach","Greta Gerwig","Noah Baumbach","Jennifer Lame","Sam Levy","Britta Phillips","Scott Rudin","Fox Searchlight Pictures","Brazil","English"
"A Hidden Life",2019,3.9,174,"history","Terrence Malick","August Diehl","Terrence Malick","Rehman Nizar Ali","Jörg Widmer","James Newton Howard","Grant Hill","Studio Babelsberg","Germany","English"
"Color Out of Space",2019,3.22,111,"thriller","Richard Stanley","Nicolas Cage","Richard Stanley","Brett W. Bachman","Steve Annis","Colin Stetson","Elijah Wood","SpectreVision","Malaysia","English"
"The Two Popes",2019,3.59,125,"comedy","Fernando Meirelles","Anthony Hopkins","Anthony McCarten","Fernando Stutz","César Charlone","Bryce Dessner","Tracey Seaward","Rideback","USA","English"
"A Woman Under the Influence",1974,4.31,155,"drama","John Cassavetes","Peter Falk","John Cassavetes","David Armstrong","Al Ruban","Bo Harwood","Sam Shaw","Faces International Films","USA","English"
"Trance",2013,3.11,101,"drama","Danny Boyle","James McAvoy","John Hodge","Jon Harris","Anthony Dod Mantle","Rick Smith","Tessa Ross","Pathé","UK","English"
"The Host",2006,3.72,120,"science-fiction","Bong Joon-ho","Song Kang-ho","Bong Joon-ho","Kim Sun-min","Kim Hyung-koo","Lee Byung-woo","Choi Yong-bae","Chungeorahm Film","South Korea","Korean"
"First Cow",2019,3.85,122,"drama","Kelly Reichardt","John Magaro","Kelly Reichardt","Kelly Reichardt","Christopher Blauvelt","William Tyler","Scott Rudin","filmscience","USA","English"
"Tomboy",2011,3.89,82,"drama","Céline Sciamma","Zoé Héran","Céline Sciamma","Julien Lacheray","Crystel Fournier","Jean-Baptiste de Laubier","Bénédicte Couvreur","Lilies Films","France","French"
"Girlhood",2014,3.71,112,"drama","Céline Sciamma","Karidja Touré","Céline Sciamma","Julien Lacheray","Crystel Fournier","Jean-Baptiste de Laubier","Bénédicte Couvreur","Hold Up Films","France","French"
"Brief Encounter",1945,4.22,86,"romance","David Lean","Celia Johnson","Ronald Neame","Jack Harris","Robert Krasker",NA,"Ronald Neame","Cineguild","UK","English"
"Nocturama",2016,3.49,130,"drama","Bertrand Bonello","Finnegan Oldfield","Bertrand Bonello","Fabrice Rouaud","Léo Hinstin","Bertrand Bonello","Édouard Weil","Rectangle Productions","Belgium","French"
"A Taxi Driver",2017,4.05,138,"history","Jang Hoon","Song Kang-ho","Eom Yu-na","Kim Sang-bum","Go Rak-sun","Cho Young-wook","Seo Kang-ho","Showbox","South Korea","Korean"
"Jeanne Dielman, 23, Quai du Commerce 1080 Bruxelles",1975,4.22,202,"drama","Chantal Akerman","Delphine Seyrig","Chantal Akerman","Patricia Canino","Babette Mangolte",NA,"Paul Vecchiali","Paradise Films","Belgium","French"
"Holy Motors",2012,3.82,115,"fantasy","Leos Carax","Denis Lavant","Leos Carax","Nelly Quettier","Caroline Champetier",NA,"Martine Marignac","Canal+","Belgium","French"
"Personal Shopper",2016,3.39,106,"drama","Olivier Assayas","Kristen Stewart","Olivier Assayas","Marion Monnier","Yorick Le Saux",NA,"Charles Gillibert","Sirena Film","Belgium","English"
"Night on Earth",1991,3.91,128,"comedy","Jim Jarmusch","Winona Ryder","Jim Jarmusch","Jay Rabinowitz","Frederick Elmes","Tom Waits","Jim Jarmusch","Channel Four Films","Germany","English"
"Dogville",2003,4.06,178,"drama","Lars von Trier","Nicole Kidman","Lars von Trier","Molly Malene Stensgaard","Anthony Dod Mantle","Antonio Vivaldi","Vibeke Windeløv","YLE","Denmark","English"
"Adaptation.",2002,4.03,115,"crime","Spike Jonze","Nicolas Cage","Charlie Kaufman","Eric Zumbrunnen","Lance Acord","Carter Burwell","Charlie Kaufman","Columbia Pictures","USA","English"
"ClÃ©o from 5 to 7",1962,4.15,90,"comedy","Agnès Varda","Corinne Marchand","Agnès Varda","Janine Verneau","Jean Rabier","Michel Legrand","Carlo Ponti","Rome Paris Films","France","French"
"City Lights",1931,4.28,87,"drama","Charlie Chaplin","Charlie Chaplin","Charlie Chaplin","Charlie Chaplin","Gordon Pollock","Charlie Chaplin","Charlie Chaplin","Charles Chaplin Productions","USA","English"
"The Curious Case of Benjamin Button",2008,3.58,166,"drama","David Fincher","Brad Pitt","Eric Roth","Angus Wall","Claudio Miranda","Alexandre Desplat","Kathleen Kennedy","Paramount","USA","English"
"Chungking Express",1994,4.26,103,"romance","Wong Kar-wai","Brigitte Lin","Wong Kar-wai","William Chang","Christopher Doyle","Michael Galasso","Jacky Pang Yee Wah","Jet Tone Production","Hong Kong","Cantonese"
"Pain and Glory",2019,4,114,"drama","Pedro Almodóvar","Antonio Banderas","Pedro Almodóvar","Teresa Font","José Luis Alcaine","Alberto Iglesias","Esther García","El Deseo","Spain","Spanish"
"AmÃ©lie",2001,4.09,122,"romance","Jean-Pierre Jeunet","Audrey Tautou","Jean-Pierre Jeunet","Hervé Schneid","Bruno Delbonnel","Yann Tiersen","Claudie Ossard","France 3 Cinéma","France","French"
"Yi Yi",2000,4.44,174,"romance","Edward Yang","Wu Nien-Jen","Edward Yang","Chen Po-Wen","Yang Wei-han","Kai-Li Peng","Shinya Kawai","Omega Project","Taiwan","Chinese"
"Fallen Angels",1995,4.16,98,"action","Wong Kar-wai","Leon Lai","Wong Kar-wai","William Chang","Christopher Doyle","Roel A. García","Jacky Pang Yee Wah","Jet Tone Production","Hong Kong","Cantonese"
"The Truth",2019,3.24,106,"drama","Hirokazu Kore-eda","Catherine Deneuve","Hirokazu Kore-eda","Hirokazu Kore-eda","Eric Gautier","Alexey Aygi","Muriel Merlin","MI Movies","France","French"
"The Royal Tenenbaums",2001,4.05,110,"drama","Wes Anderson","Gene Hackman","Owen Wilson","Dylan Tichenor","Robert D. Yeoman","Mark Mothersbaugh","Owen Wilson","Touchstone Pictures","USA","English"
"American Beauty",1999,3.98,122,"drama","Sam Mendes","Kevin Spacey","Alan Ball","Christopher Greenbury","Conrad L. Hall","Thomas Newman","Bruce Cohen","Jinks/Cohen Company","USA","English"
"The Wrestler",2008,3.93,109,"romance","Darren Aronofsky","Mickey Rourke","Robert D. Siegel","Andrew Weisblum","Maryse Alberti","Clint Mansell","Darren Aronofsky","Wild Bunch","USA","English"
"It's Such a Beautiful Day",2012,4.31,62,"drama","Don Hertzfeldt","Don Hertzfeldt","Don Hertzfeldt","Brian Hamblin","Don Hertzfeldt",NA,"Don Hertzfeldt","Bitter Films","USA","English"
"Sex, Lies, and Videotape",1989,3.75,101,"drama","Steven Soderbergh","Andie MacDowell","Steven Soderbergh","Steven Soderbergh","Walt Lloyd","Cliff Martinez","Nick Wechsler","Miramax","USA","English"
"Let the Right One In",2008,4.01,115,"drama","Tomas Alfredson","Kåre Hedebrant","John Ajvide Lindqvist","Tomas Alfredson","Hoyte van Hoytema","Johan Söderqvist","Carl Molinder","EFTI","Sweden","Swedish"
"Brokeback Mountain",2005,4.06,134,"romance","Ang Lee","Heath Ledger","Diana Ossana","Geraldine Peroni","Rodrigo Prieto","Gustavo Santaolalla","Diana Ossana","Good Machine","Canada","English"
"Ali: Fear Eats the Soul",1974,4.12,93,"drama","Rainer Werner Fassbinder","Brigitte Mira","Rainer Werner Fassbinder","Thea Eymèsz","Jürgen Jürges","Rainer Werner Fassbinder","Rainer Werner Fassbinder","Tango Film","Germany","German"
"Sunset Boulevard",1950,4.37,110,"drama","Billy Wilder","William Holden","Billy Wilder","Arthur P. Schmidt","John F. Seitz","Franz Waxman","Charles Brackett","Paramount","USA","English"
"Vertigo",1958,4.2,128,"thriller","Alfred Hitchcock","James Stewart","Pierre Boileau","George Tomasini","Robert Burks","Bernard Herrmann","Alfred Hitchcock","Paramount","USA","English"
"City of God",2002,4.4,130,"crime","Fernando Meirelles","Alexandre Rodrigues","Paulo Lins","Daniel Rezende","César Charlone","Ed Cortês","Andrea Barata Ribeiro","O2 Filmes","Brazil","Portuguese"
"Certified Copy",2010,4.02,106,"romance","Abbas Kiarostami","Juliette Binoche","Caroline Eliacheff","Bahman Kiarostami","Luca Bigazzi",NA,"Marin Karmitz","MK2 Films","Belgium","French"
"Enter the Void",2009,3.72,161,"fantasy","Gaspar Noé","Paz de la Huerta","Gaspar Noé","Gaspar Noé","Benoît Debie","Thomas Bangalter","Olivier Delbosc","BIM Distribuzione","Canada","English"
"The Act of Killing",2012,4.23,115,"documentary","Joshua Oppenheimer","Anwar Congo",NA,"Janus Billeskov Jansen","Lars Skree",NA,"Werner Herzog","Final Cut for Real","Denmark","Indonesian"
"Fanny and Alexander",1982,4.32,188,"fantasy","Ingmar Bergman","Bertil Guve","Ingmar Bergman","Sylvia Ingemarsson","Sven Nykvist","Daniel Bell","Daniel Toscan du Plantier","Cinematograph AB","Sweden","Swedish"
"Decalogue I",1989,4.29,53,"drama","Krzysztof Kieslowski","Henryk Baranowski","Krzysztof Kieslowski",NA,"Wieslaw Zdort","Zbigniew Preisner",NA,"Sender Freies Berlin","Germany","Polish"
"Pierrot le Fou",1965,3.99,110,"thriller","Jean-Luc Godard","Jean-Paul Belmondo","Lionel White","Françoise Collin","Raoul Coutard","Antoine Duhamel","Georges de Beauregard","Dino de Laurentiis Cinematografica","France","French"
"Waking Life",2001,3.8,99,"animation","Richard Linklater","Trevor Jack Brooks","Richard Linklater","Sandra Adair","Richard Linklater","Glover Gill","Anne Walker-McBay","Line Research","USA","English"
"Satantango",1994,4.39,432,"drama","Béla Tarr","Mihály Víg","Péter Dobai","Ágnes Hranitzky","Gábor Medvigy","Mihály Víg","Joachim von Vietinghoff","Von Vietinghoff Filmproduktion (VVF)","Germany","Hungarian"
"Ordet",1955,4.29,125,"drama","Carl Theodor Dreyer","Birgitte Federspiel","Carl Theodor Dreyer","Edith Schlüssel","Henning Bendtsen","Poul Schierbeck","Carl Theodor Dreyer","Palladium","Denmark","Danish"
"The Night of the Hunter",1955,4.22,93,"drama","Charles Laughton","Robert Mitchum","James Agee","Robert Golden","Stanley Cortez","Walter Schumann","Paul Gregory","Paul Gregory Productions","USA","English"
"Wings of Desire",1987,4.22,128,"romance","Wim Wenders","Bruno Ganz","Wim Wenders","Peter Przygodda","Henri Alekan","Jürgen Knieper","Wim Wenders","Argos Films","Germany","German"
"CÃ©line and Julie Go Boating",1974,4.14,193,"comedy","Jacques Rivette","Juliet Berto","Marie-France Pisier","Nicole Lubtchansky","Jacques Renard","Jean-Marie Sénia","Barbet Schroeder","Les Films Christian Fechner","France","French"
"The Holy Mountain",1973,4.12,114,"drama","Alejandro Jodorowsky","Alejandro Jodorowsky","Alejandro Jodorowsky","Federico Landeros","Rafael Corkidi","Alejandro Jodorowsky","Alejandro Jodorowsky","Producciones Zohar","Mexico","Spanish"
"As I Was Moving Ahead Occasionally I Saw Brief Glimpses of Beauty",2000,4.51,288,"documentary","Jonas Mekas","Jonas Mekas","Jonas Mekas","Jonas Mekas","Jonas Mekas","Auguste Varkalis",NA,NA,"USA","English"
"The Discreet Charm of the Bourgeoisie",1972,3.94,101,"comedy","Luis Buñuel","Fernando Rey","Luis Buñuel","Hélène Plemiannikov","Edmond Richard",NA,"Serge Silberman","Greenwich Film Production","France","French"
"Mirror",1975,4.29,107,"drama","Andrei Tarkovsky","Margarita Terekhova","Andrei Tarkovsky","Lyudmila Feiginova","Georgi Rerberg","Eduard Artemyev","Erik Waisberg","Mosfilm","Russian Federation","Russian"
"L'Avventura",1960,4.01,144,"mystery","Michelangelo Antonioni","Gabriele Ferzetti","Michelangelo Antonioni","Eraldo Da Roma","Aldo Scavarda","Giovanni Fusco","Amato Pennasilico","Cino del Duca","Italy","Italian"
"Au Hasard Balthazar",1966,4.02,96,"drama","Robert Bresson","Anne Wiazemsky","Robert Bresson","Raymond Lamy","Ghislain Cloquet","Jean Wiener","Mag Bodard","Argos Films","France","French"
"Dekalog",1989,4.56,572,"drama","Krzysztof Kieslowski","Artur Barcis",NA,"Ewa Smal",NA,"Zbigniew Preisner","Ryszard Chutkowski","Sender Freies Berlin","Germany","Polish"
"Princess Mononoke",1997,4.33,134,"fantasy","Hayao Miyazaki","Yoji Matsuda","Hayao Miyazaki","Takeshi Seyama","Atsushi Okui","Joe Hisaishi","Toshio Suzuki","Studio Ghibli","Japan","Japanese"
"Tokyo Story",1953,4.36,137,"drama","Yasujiro Ozu","Chishu Ryu","Yasujiro Ozu","Yoshiyasu Hamamura","Yûharu Atsuta","Takanobu Saitô","Takeshi Yamamoto","Shochiku","Japan","Japanese"
"Lawrence of Arabia",1962,4.24,227,"adventure","David Lean","Peter O'Toole","Michael Wilson","Anne V. Coates","Freddie Young","Maurice Jarre","Sam Spiegel","Horizon Pictures","UK","English"
"The Sisters Brothers",2018,3.49,122,"western","Jacques Audiard","John C. Reilly","Jacques Audiard","Juliette Welfling","Benoît Debie","Alexandre Desplat","John C. Reilly","Why Not Productions","Belgium","English"
"In Time",2011,2.86,109,"action","Andrew Niccol","Justin Timberlake","Andrew Niccol","Zach Staenberg","Roger Deakins","Craig Armstrong","Andrew Niccol","New Regency Pictures","USA","English"
"Jennifer's Body",2009,3.48,102,"horror","Karyn Kusama","Megan Fox","Diablo Cody","Plummy Tucker","M. David Mullen","Theodore Shapiro","Brad Van Arragon","Fox Atomic","USA","English"
"Rear Window",1954,4.33,112,"thriller","Alfred Hitchcock","James Stewart","John Michael Hayes","George Tomasini","Robert Burks","Franz Waxman","Alfred Hitchcock","Alfred J. Hitchcock Productions","USA","English"
"Mishima: A Life in Four Chapters",1985,4.32,121,"drama","Paul Schrader","Ken Ogata","Paul Schrader","Michael Chandler","John Bailey","Philip Glass","George Lucas","Lucasfilm Ltd.","Japan","English"
"Berberian Sound Studio",2012,3.31,92,"thriller","Peter Strickland","Toby Jones","Peter Strickland","Chris Dickens","Nicholas D. Knowland","Broadcast","Robin Gutch","Illuminations Films","UK","English"
"All About My Mother",1999,4.08,101,"comedy","Pedro Almodóvar","Cecilia Roth","Pedro Almodóvar","José Salcedo","Affonso Beato","Alberto Iglesias","Esther García","Renn Productions","Spain","Spanish"
"Blow Out",1981,4.01,108,"thriller","Brian De Palma","John Travolta","Brian De Palma","Paul Hirsch","Vilmos Zsigmond","Pino Donaggio","Fred C. Caruso","Cinema 77","USA","English"
"The Social Network",2010,3.94,121,"drama","David Fincher","Jesse Eisenberg","Aaron Sorkin","Angus Wall","Jeff Cronenweth","Trent Reznor","Kevin Spacey","Columbia Pictures","USA","English"
"Y Tu MamÃ¡ TambiÃ©n",2001,4.1,106,"drama","Alfonso Cuarón","Gael García Bernal","Alfonso Cuarón","Alfonso Cuarón","Emmanuel Lubezki",NA,"Alfonso Cuarón","Bésame Mucho Pictures","Mexico","Spanish"
"The Cabinet of Dr. Caligari",1920,4.04,77,"thriller","Robert Wiene","Werner Krauß","Carl Mayer",NA,"Willy Hameister","Giuseppe Becce","Erich Pommer","Decla Film Gesellschaft Holz & Co.","Germany","German"
"PlayTime",1967,4.13,115,"comedy","Jacques Tati","Jacques Tati","Jacques Tati","Gérard Pollicand","Jean Badal","Francis Lemarque","Bernard Maurice","Jolly Film","France","French"
"Dear Zachary: A Letter to a Son About His Father",2008,4.25,95,"crime","Kurt Kuenne","Kurt Kuenne","Kurt Kuenne","Kurt Kuenne","Kurt Kuenne","Kurt Kuenne","Kurt Kuenne","MSNBC Films","USA","English"
"Withnail & I",1987,3.93,108,"drama","Bruce Robinson","Richard E. Grant","Bruce Robinson","Alan Strachan","Peter Hannan","David Dundas","George Harrison","HandMade Films","UK","English"
"How to Get Ahead in Advertising",1989,3.46,95,"fantasy","Bruce Robinson","Richard E. Grant","Bruce Robinson","Alan Strachan","Peter Hannan","David Dundas","George Harrison","Virgin Films","UK","English"
"Hamlet",2000,2.84,112,"drama","Michael Almereyda","Ethan Hawke","William Shakespeare","Kristina Boden","John de Borman","Carter Burwell","John Sloss","Miramax","USA","English"
"Gattaca",1997,3.7,106,"mystery","Andrew Niccol","Ethan Hawke","Andrew Niccol","Lisa Zeno Churgin","Slawomir Idziak","Michael Nyman","Danny DeVito","Jersey Films","USA","English"
"In Fabric",2018,3.28,118,"horror","Peter Strickland","Marianne Jean-Baptiste","Peter Strickland","Matyas Fekete","Ari Wegner","CAVERN OF ANTI-MATTER","Andrew Starke","BBC Films","UK","English"
"Close-Up",1990,4.33,98,"drama","Abbas Kiarostami","Mohsen Makhmalbaf","Abbas Kiarostami","Abbas Kiarostami","Ali Reza Zarrindast",NA,"Ali Reza Zarrin","Kanoon","Iran","Persian (Farsi)"
"Malcolm X",1992,4.09,202,"history","Spike Lee","Denzel Washington","Spike Lee","Barry Alexander Brown","Ernest R. Dickerson","Terence Blanchard","Spike Lee","40 Acres and a Mule Filmworks","USA","English"
"Chi-Raq",2015,3.23,127,"crime","Spike Lee","Nick Cannon","Spike Lee","Ryan Denmark","Matthew Libatique","Terence Blanchard","Jon Kilik","Amazon Studios","USA","English"
"Inside Man",2006,3.61,129,"drama","Spike Lee","Denzel Washington","Russell Gewirtz","Barry Alexander Brown","Matthew Libatique","Terence Blanchard","Brian Grazer","40 Acres and a Mule Filmworks","USA","English"
"99 Homes",2014,3.49,112,"drama","Ramin Bahrani","Andrew Garfield","Ramin Bahrani","Ramin Bahrani","Bobby Bukowski","Antony Partos","Ashok Amritraj","Noruz Films","USA","English"
"This Is Spinal Tap",1984,3.93,82,"music","Rob Reiner","Christopher Guest","Harry Shearer","Kent Beyda","Peter Smokler","Harry Shearer","Karen Murphy","Spinal Tap Prod.","USA","English"
"Mudbound",2017,3.69,135,"drama","Dee Rees","Carey Mulligan","Dee Rees","Mako Kamitsuna","Rachel Morrison","Tamar-kali","Kim Roth","Zeal Media","USA","English"
"We Own the Night",2007,3.38,117,"crime","James Gray","Joaquin Phoenix","James Gray","John Axelrad","Joaquín Baca-Asay","Wojciech Kilar","Joaquin Phoenix","Industry Entertainment","USA","English"
"Collateral",2004,3.77,120,"drama","Michael Mann","Tom Cruise","Stuart Beattie","Paul Rubell","Dion Beebe","James Newton Howard","Michael Mann","Paramount","USA","English"
"I Love You Phillip Morris",2009,3.28,98,"comedy","Glenn Ficarra","Jim Carrey","Glenn Ficarra","Thomas J. Nordberg","Xavier Grobet","Nick Urata","Luc Besson","EuropaCorp","USA","English"
"High and Low",1963,4.46,142,"crime","Akira Kurosawa","Toshiro Mifune","Akira Kurosawa","Akira Kurosawa","Asakazu Nakai","Masaru Sato","Akira Kurosawa","Toho Co.","Japan","Japanese"
"Snatch",2000,3.93,104,"crime","Guy Ritchie","Benicio del Toro","Guy Ritchie","Jon Harris","Tim Maurice-Jones","John Murphy","Steve Tisch","Screen Gems","UK","English"
"Guns Akimbo",2019,2.8,95,"comedy","Jason Lei Howden","Daniel Radcliffe","Jason Lei Howden","Zaz Montana","Stefan Ciupek","Enis Rotthoff","Adrian Politowski","Altitude Film Entertainment","Germany","English"
"Dirty Dancing",1987,3.59,100,"music","Emile Ardolino","Jennifer Grey","Eleanor Bergstein","Peter C. Frank","Jeffrey Jur","John Morris","Linda Gottlieb","Great American Films Limited Partnership","USA","English"
"The One and Only Ivan",2020,2.92,93,"family","Thea Sharrock","Bryan Cranston","Mike White","Barney Pilling","Florian Ballhaus","Craig Armstrong","Angelina Jolie","Allison Shearmur Productions","USA","English"
"David Byrne's American Utopia",2020,4.26,105,"music","Spike Lee","David Byrne","David Byrne","Adam Gough","Ellen Kuras","David Byrne","David Byrne","Participant","USA","English"
"Fail Safe",1964,4.06,112,"thriller","Sidney Lumet","Henry Fonda","Eugene Burdick","Ralph Rosenblum","Gerald Hirschfeld",NA,"Sidney Lumet","Columbia Pictures","USA","English"
"Possession",1981,4.13,124,"horror","Andrzej Zulawski","Isabelle Adjani","Andrzej Zulawski","Marie-Sophie Dubus","Bruno Nuytten","Andrzej Korzynski","Marie-Laure Reyre","Gaumont","Germany","French"
"The Devil All the Time",2020,3.35,138,"drama","Antonio Campos","Tom Holland","Antonio Campos","Sofía Subercaseaux","Lol Crawley","Saunder Jurriaans","Jake Gyllenhaal","Nine Stories Productions","USA","English"
"Stop Making Sense",1984,4.54,88,"documentary","Jonathan Demme","David Byrne","Jonathan Demme","Lisa Day","Jordan Cronenweth","David Byrne","Gary Goetzman","Talking Heads","USA","English"
"Le Gendarme de Saint-Tropez",1964,3.41,89,"comedy","Jean Girault","Louis de Funès","Richard Balducci","Jean-Michel Gautier","Marc Fossard","Raymond Lefevre","Gérard Beytout","Société Nouvelle de Cinématographie (SNC)","France","French"
"On the Rocks",2020,3.16,96,"drama","Sofia Coppola","Rashida Jones","Sofia Coppola","Sarah Flack","Philippe Le Sourd","Thomas Mars","Fred Roos","American Zoetrope","USA","English"
"Possessor",2020,3.63,104,"horror","Brandon Cronenberg","Andrea Riseborough","Brandon Cronenberg","Matthew Hannam","Karim Hussain","Jim Williams","Niv Fichman","Rhombus Media","Australia","English"
"Scream",1996,3.96,112,"crime","Wes Craven","Neve Campbell","Kevin Williamson","Patrick Lussier","Mark Irwin","Marco Beltrami","Cathy Konrad","Dimension Films","USA","English"
"Brooklyn Brothers Beat the Best",2012,3.31,98,"comedy","Ryan O'Nan","Ryan O'Nan","Ryan O'Nan","Annette Davey","Gavin Kelly","Rob Simonsen","Kwesi Collisson","Taggart Productions","USA","English"
"Black Christmas",1974,3.84,98,"mystery","Bob Clark","Olivia Hussey","Roy Moore","Stan Cole","Reginald H. Morris","Carl Zittrer","Bob Clark","August Films","Canada","English"
"Boxing Helena",1993,2.42,107,"thriller","Jennifer Chambers Lynch","Julian Sands","Jennifer Chambers Lynch","David Finfer","Bojan Bazelli","Graeme Revell","Philippe Caland","Mainline Pictures","USA","English"
"Surveillance",2008,3,97,"horror","Jennifer Chambers Lynch","Julia Ormond","Jennifer Chambers Lynch","Daryl K. Davis","Peter Wunstorf","Todd Bryanton","David Lynch","See Film","USA","English"
"Chained",2012,3.19,94,"thriller","Jennifer Chambers Lynch","Vincent D'Onofrio","Jennifer Chambers Lynch","Daryl K. Davis","Shane Daly",NA,"Rhonda Baker","RGB Productions","Canada","English"
"The Tale",2018,3.85,115,"drama","Jennifer Fox","Laura Dern","Jennifer Fox","Anne Fabini","Denis Lenoir","Ariel Marx","Robert Fox","WeatherVane Productions","Germany","English"
"Army of Darkness",1992,3.72,81,"horror","Sam Raimi","Bruce Campbell","Sam Raimi","Sam Raimi","Bill Pope","Danny Elfman","Dino De Laurentiis","Renaissance Pictures","USA","English"
"Spotlight",2015,3.99,129,"thriller","Tom McCarthy","Mark Ruffalo","Tom McCarthy","Tom McArdle","Masanobu Takayanagi","Howard Shore","Steve Golin","Participant","Michael Countryman","English"
"The Color of Money",1986,3.54,119,"drama","Martin Scorsese","Paul Newman","Richard Price","Thelma Schoonmaker","Michael Ballhaus","Robbie Robertson","Barbara De Fina","Touchstone Pictures","USA","English"
"Speed Racer",2008,3.22,135,"comedy","Lilly Wachowski","Emile Hirsch","Lilly Wachowski","Zach Staenberg","David Tattersall","Michael Giacchino","Joel Silver","Studio Babelsberg","Australia","English"
"Diary of a Country Priest",1951,4.01,115,"drama","Robert Bresson","Claude Laydu","Robert Bresson","Paulette Robert","Léonce-Henri Burel","Jean-Jacques Grünenwald","Robert Sussfeld","Union Générale Cinématographique (UGC)","France","French"
"LumiÃ¨re and Company",1995,3.35,88,"drama","Costa-Gavras","Jeffe Alperi",NA,"Roger Ikhlef","Sven Nykvist","Jean-Jacques Lemêtre","Neal Edelstein","Cinétévé","France","French"
"Quiz Show",1994,3.7,133,"drama","Robert Redford","John Turturro","Paul Attanasio","Stu Linder","Michael Ballhaus","Mark Isham","Michael Nozik","Baltimore Pictures","USA","English"
"Pride & Prejudice",2005,4.09,127,"drama","Joe Wright","Keira Knightley","Jane Austen","Paul Tothill","Roman Osin","Dario Marianelli","Tim Bevan","Focus Features","France","English"
"Mary and Max",2009,4.12,92,"comedy","Adam Elliot","Toni Collette","Adam Elliot","Bill Murphy","Gerald Thompson","Dale Cornelius","Andrew Mackie","icon","Australia","English"
"Thunder Road",2018,3.81,91,"comedy","Jim Cummings","Jim Cummings","Jim Cummings","Jim Cummings","Lowell A. Meyer","Jim Cummings","Benjamin Wiessner","Vanishing Angle","USA","English"
"Shame",2011,3.76,102,"drama","Steve McQueen","Michael Fassbender","Steve McQueen","Joe Walker","Sean Bobbitt","Harry Escott","Tessa Ross","HanWay Films","Canada","English"
"Beau Travail",1999,4.07,93,"drama","Claire Denis","Denis Lavant","Claire Denis","Nelly Quettier","Agnès Godard","Eran Zur","Patrick Grandperret","Tanaïs Productions","France","French"
"Phantom of the Paradise",1974,4,92,"comedy","Brian De Palma","William Finley","Brian De Palma","Paul Hirsch","Larry Pizer","Paul Williams","Edward R. Pressman","Harbor Productions","USA","English"
"Pretend It's a City",2021,3.98,210,"comedy","Martin Scorsese","Fran Lebowitz",NA,NA,"Ellen Kuras",NA,"Fran Lebowitz",NA,"USA","English"
"Brazil",1985,4.04,143,"comedy","Terry Gilliam","Jonathan Pryce","Terry Gilliam","Julian Doyle","Roger Pratt","Michael Kamen","Arnon Milchan","Embassy International Pictures","UK","English"
"Altered States",1980,3.57,102,"horror","Ken Russell","William Hurt","Paddy Chayefsky","Eric Jenkins","Jordan Cronenweth","John Corigliano","Daniel Melnick","Warner Bros. Pictures","USA","English"
"Targets",1968,3.88,90,"crime","Peter Bogdanovich","Boris Karloff","Polly Platt","Peter Bogdanovich","László Kovács",NA,"Roger Corman","Saticoy Productions","USA","English"
"Slacker",1990,3.65,97,"comedy","Richard Linklater","Richard Linklater","Richard Linklater","Scott Rhodes","Lee Daniel",NA,"Richard Linklater","Detour Filmproduction","USA","English"
"Enter the Dragon",1973,3.75,102,"action","Robert Clouse","Bruce Lee","Michael Allin","Kurt Hirschler","Gil Hubbs","Lalo Schifrin","Bruce Lee","Orange Sky Golden Harvest","Hong Kong","English"
"Tetsuo: The Iron Man",1989,3.82,67,"science-fiction","Shinya Tsukamoto","Tomorowo Taguchi","Shinya Tsukamoto","Shinya Tsukamoto","Shinya Tsukamoto","Chu Ishikawa","Shinya Tsukamoto","K2 Spirit","Japan","Japanese"
"Final Flesh",2009,3.43,71,"science-fiction","Vernon Chatman","Melvin","Vernon Chatman",NA,NA,NA,"Vernon Chatman","Drag City","USA","English"
"Like Water for Chocolate",1992,3.4,105,"romance","Alfonso Aráu","Marco Leonardi","Laura Esquivel","Carlos Bolado","Emmanuel Lubezki","Leo Brouwer","Alfonso Aráu","Aviacsa","Mexico","Spanish"
"Shaolin Soccer",2001,3.52,113,"comedy","Stephen Chow","Stephen Chow","Stephen Chow","Hai Kit-Wai","Pak-huen Kwen","Raymond Wong Ying-Wah","Kwok-fai Yeung","Star Overseas","Hong Kong","Cantonese"
"Roll Bounce",2005,3.2,112,"comedy","Malcolm D. Lee","Shad Moss","Norman Vance Jr.",NA,"J. Michael Muro",NA,"Dana Reid","Fox Searchlight Pictures","USA","English"
"Solaris",1972,4.18,167,"drama","Andrei Tarkovsky","Donatas Banionis","Andrei Tarkovsky","Lyudmila Feiginova","Vadim Yusov","Vyacheslav Ovchinnikov","Viacheslav Tarasov","Unit Four","Russian Federation","Russian"
"Breaking the Waves",1996,4.01,159,"romance","Lars von Trier","Emily Watson","Lars von Trier","Anders Refn","Robby Müller","Joachim Holbek","Peter Aalbæk Jensen","Trust Film","Denmark","Danish"
"Scanners",1981,3.46,103,"science-fiction","David Cronenberg","Jennifer O'Neill","David Cronenberg","Ronald Sanders","Mark Irwin","Howard Shore","Claude Héroux","Canadian Film Development Corporation (CFDC)","Canada","English"
"Another Round",2020,4,117,"comedy","Thomas Vinterberg","Mads Mikkelsen","Thomas Vinterberg","Janus Billeskov Jansen","Sturla Brandth Grøvlen",NA,"Sisse Graum Jørgensen","Zentropa Entertainments","Denmark","Danish"
"The Untouchables",1987,3.74,119,"crime","Brian De Palma","Kevin Costner","David Mamet","Gerald B. Greenberg","Stephen H. Burum","Ennio Morricone","Art Linson","Paramount","USA","English"
"Fried Green Tomatoes",1991,3.78,130,"comedy","Jon Avnet","Kathy Bates","Fannie Flagg","Debra Neil-Fisher","Geoffrey Simpson","Thomas Newman",NA,"Universal Pictures","USA","English"
"Pieces of a Woman",2020,3.5,127,"drama","Kornél Mundruczó","Vanessa Kirby","Kata Wéber","Dávid Jancsó","Benjamin Loeb","Howard Shore","Aaron Ryder","Bron Studios","Canada","English"
"Mysterious Skin",2004,4.04,108,"drama","Gregg Araki","Joseph Gordon-Levitt","Gregg Araki","Gregg Araki","Steve Gainer","Harold Budd","Gregg Araki","Desperate Pictures","USA","English"
"Bacurau",2019,4.09,131,"thriller","Kleber Mendonça Filho","Bárbara Colen","Kleber Mendonça Filho","Eduardo Serrano","Pedro Sotero","Tomaz Alves de Souza","Saïd Ben Saïd","Símio Filmes","Brazil","Portuguese"
"American Animals",2018,3.64,117,"crime","Bart Layton","Evan Peters","Bart Layton","Chris Gill","Ole Bratt Birkeland","Anne Nikitin","Mary Jane Skalski","Film4 Productions","USA","English"
"Cure",1997,4.08,111,"horror","Kiyoshi Kurosawa","Koji Yakusho","Kiyoshi Kurosawa","Kan Suzuki","Tokushô Kikumura","Gary Ashiya","Hiroyuki Kato","Daiei Film","Japan","Japanese"
"Clear History",2013,2.99,100,"comedy","Greg Mottola","Larry David","Jeff Schaffer","Steven Rasch","Jim Denault","Ludovic Bource","Monica Levinson","HBO Films","USA","English"
"Luca",2021,3.93,95,"animation","Enrico Casarosa","Jacob Tremblay","Enrico Casarosa","Jason Hudak","Kim White","Dan Romer","Andrea Warren","Pixar","USA","English"
"No Sudden Move",2021,3.36,115,"drama","Steven Soderbergh","Don Cheadle","Ed Solomon","Steven Soderbergh","Steven Soderbergh","David Holmes","Casey Silver","HBO Max","USA","English"
"Natural Born Killers",1994,3.51,118,"drama","Oliver Stone","Woody Harrelson","Quentin Tarantino","Hank Corwin","Robert Richardson","Leonard Cohen","Jane Hamsher","J D Productions","USA","English"
"The Killing",1956,3.93,85,"thriller","Stanley Kubrick","Sterling Hayden","Stanley Kubrick","Betty Steinberg","Lucien Ballard","Gerald Fried","James B. Harris","United Artists","USA","English"
"Fear Street: 1994",2021,3.11,107,"mystery","Leigh Janiak","Kiana Madeira","Kyle Killen","Rachel Goodlett Katz","Caleb Heymann","Marco Beltrami","Jenno Topping","Chernin Entertainment","USA","English"
"Fear Street: 1978",2021,3.42,110,"mystery","Leigh Janiak","Sadie Sink","Leigh Janiak","Rachel Goodlett Katz","Caleb Heymann","Marco Beltrami","Jenno Topping","Chernin Entertainment","USA","English"
"Blue Bayou",2021,3.58,119,"drama","Justin Chon","Justin Chon","Justin Chon","Reynolds Barney","Ante Cheng","Roger Suen","Justin Bursch","Entertainment One","Canada","English"
"Red Rocket",2021,3.94,128,"comedy","Sean Baker","Simon Rex","Sean Baker","Sean Baker","Drew Daniels",NA,"Sean Baker","FilmNation Entertainment","USA","English"
"Great Expectations",1998,3.1,111,"romance","Alfonso Cuarón","Ethan Hawke","Charles Dickens","Steven Weisberg","Emmanuel Lubezki","Patrick Doyle","Art Linson","20th Century Fox","USA","English"
"Space Jam: A New Legacy",2021,2.06,115,"science-fiction","Malcolm D. Lee","LeBron James","Terence Nance","Bob Ducsay","Salvatore Totino","Kris Bowers","Duncan Henderson","Warner Animation Group","USA","English"
"The Happening",2008,1.95,91,"science-fiction","M. Night Shyamalan","Mark Wahlberg","M. Night Shyamalan","Conrad Buff IV","Tak Fujimoto","James Newton Howard","Sam Mercer","Dune Entertainment","USA","English"
"Body Double",1984,3.7,114,"mystery","Brian De Palma","Craig Wasson","Brian De Palma","Gerald B. Greenberg","Stephen H. Burum","Pino Donaggio","Brian De Palma","Delphi II Productions","USA","English"
"American Movie",1999,4.13,107,"documentary","Chris Smith","Mark Borchardt",NA,"Barry Poltermann","Chris Smith","Mike Schank","Sarah Price","Civilian Pictures","USA","English"
"Christopher Columbus: The Discovery",1992,2.02,120,"adventure","John Glen","Georges Corraface","Mario Puzo","Matthew Glen","Alec Mills","Cliff Eidelman","Ilya Salkind","Warner Bros. Pictures","Spain","French"
"Rushmore",1998,3.89,93,"comedy","Wes Anderson","Jason Schwartzman","Owen Wilson","David Moritz","Robert D. Yeoman","Mark Mothersbaugh","Owen Wilson","Touchstone Pictures","USA","English"
"Wild Strawberries",1957,4.24,91,"drama","Ingmar Bergman","Victor Sjöström","Ingmar Bergman","Oscar Rosander","Gunnar Fischer","Erik Nordgren","Allan Ekelund","SF Studios","Sweden","Swedish"
"Symbiopsychotaxiplasm: Take One",1968,3.93,75,"documentary","William Greaves","Patricia Ree Gilbert","William Greaves","William Greaves","Stevan Larner","Miles Davis","William Greaves","Take One Productions","USA","English"
"The Tale of the Princess Kaguya",2013,4.15,137,"drama","Isao Takahata","Aki Asakura","Isao Takahata","Toshihiko Kojima","Keisuke Nakamura","Joe Hisaishi","Frank Marshall","Studio Ghibli","Japan","Japanese"
"Scrooged",1988,3.38,101,"drama","Richard Donner","Bill Murray","Charles Dickens","William Steinkamp","Michael Chapman","Danny Elfman","Art Linson","Paramount","USA","English"
"Powaqqatsi",1988,3.59,99,"documentary","Godfrey Reggio",NA,"Godfrey Reggio","Alton Walpole","Leonidas Zourdoumis","Philip Glass","Menahem Golan","Santa Fe Institute for Regional Education","USA","English"
"Naqoyqatsi",2002,3.11,89,"thriller","Godfrey Reggio","Marlon Brando","Godfrey Reggio","Jon Kane","Russell Lee Fine","Philip Glass","Godfrey Reggio","Santa Fe Institute for Regional Education","USA","English"
"The Humans",2021,3.48,108,"drama","Stephen Karam","Richard Jenkins","Stephen Karam","Nick Houy","Lol Crawley","Nico Muhly","Eli Bush","A24","USA","English"
