Date,Name,Year,Letterboxd URI,Rating,Rewatch,Tags,Watched Date
2016-05-14,Bill & Ted's Excellent Adventure,1989,https://boxd.it/9Ieq7,3.5,Yes,,2016-05-13
2016-05-14,10 Cloverfield Lane,2016,https://boxd.it/9IsI5,4,Yes,,2016-05-13
2016-05-15,Bill & Ted's Bogus Journey,1991,https://boxd.it/9IQlp,3.5,,,2016-05-14
2016-05-15,Captain America: Civil War,2016,https://boxd.it/9Jn6R,3,Yes,,2016-05-14
2016-05-18,Pulp Fiction,1994,https://boxd.it/9LsmJ,4,,,2016-05-16
2016-05-18,Kill Bill: Vol. 1,2003,https://boxd.it/9Ly6n,3.5,,,2016-05-17
2016-05-19,Kill Bill: Vol. 2,2004,https://boxd.it/9MlgL,3.5,,,2016-05-18
2016-05-23,Batman,1989,https://boxd.it/9PinF,3,,,2016-05-22
2016-05-30,The Avengers,2012,https://boxd.it/9UEMx,3.5,Yes,,2016-05-27
2016-05-30,Captain America: The First Avenger,2011,https://boxd.it/9UENZ,3,Yes,,2016-05-28
2016-05-30,X-Men: The Last Stand,2006,https://boxd.it/9UEWR,,,,2016-05-28
2016-06-01,Room,2015,https://boxd.it/9Wl5t,4,,,2016-05-31
2016-06-02,The Lego Movie,2014,https://boxd.it/9WHkF,4,Yes,,2016-06-01
2016-06-02,The Babadook,2014,https://boxd.it/9WXzB,3.5,,,2016-06-01
2016-06-03,Good Will Hunting,1997,https://boxd.it/9XF6D,4.5,,,2016-06-02
2016-06-05,The Do-Over,2016,https://boxd.it/9Z1ff,0.5,,,2016-06-04
2016-06-06,Pirates of the Caribbean: The Curse of the Black Pearl,2003,https://boxd.it/9ZDzd,3,Yes,,2016-06-04
2016-06-08,Jurassic Park,1993,https://boxd.it/a1dIR,4,Yes,,2016-06-07
2016-06-10,Now You See Me 2,2016,https://boxd.it/a2P1t,2.5,,,2016-06-09
2016-06-11,Eternal Sunshine of the Spotless Mind,2004,https://boxd.it/a3u5V,5,,,2016-06-10
2016-06-12,Pleasantville,1998,https://boxd.it/a48Nt,4,,,2016-06-11
2016-06-14,Nightcrawler,2014,https://boxd.it/a5JDH,4,,,2016-06-13
2016-06-15,Into the Wild,2007,https://boxd.it/a6m71,4.5,,,2016-06-14
2016-06-17,Reservoir Dogs,1992,https://boxd.it/a7jM3,4,,,2016-06-16
2016-06-18,Finding Dory,2016,https://boxd.it/a80iZ,2.5,,,2016-06-17
2016-06-21,Inglourious Basterds,2009,https://boxd.it/aarKP,4.5,,,2016-06-20
2016-06-24,The Shallows,2016,https://boxd.it/acE55,2,,,2016-06-23
2016-06-25,The Bourne Identity,2002,https://boxd.it/ad7H3,3,,,2016-06-24
2016-06-27,The Fundamentals of Caring,2016,https://boxd.it/aeQ9n,3.5,,,2016-06-26
2016-06-30,Batman Returns,1992,https://boxd.it/ah8sB,3.5,,,2016-06-29
2016-07-02,Meet the Parents,2000,https://boxd.it/aiSlj,3,,,2016-07-01
2016-07-03,Lethal Weapon,1987,https://boxd.it/ajhqD,3.5,,,2016-07-02
2016-07-03,Kung Fu Panda,2008,https://boxd.it/ajy3h,3,Yes,,2016-07-02
2016-07-04,The Muppets,2011,https://boxd.it/ak6wx,4,Yes,,2016-07-03
2016-07-05,Cast Away,2000,https://boxd.it/albgB,4,Yes,,2016-07-04
2016-07-08,Swiss Army Man,2016,https://boxd.it/anEP5,4,,,2016-07-07
2016-07-09,The Interview,2014,https://boxd.it/aoBrL,2,,,2016-07-08
2016-07-11,Citizen Kane,1941,https://boxd.it/aq84d,5,,"theatre, polk",2016-07-10
2016-07-15,Ghostbusters,2016,https://boxd.it/atruP,3,,,2016-07-14
2016-07-16,Beverly Hills Cop,1984,https://boxd.it/au97b,3.5,,,2016-07-15
2016-07-17,The Jungle Book,2016,https://boxd.it/auBU1,3.5,,,2016-07-16
2016-07-19,Kung Fu Panda 3,2016,https://boxd.it/awvGr,2.5,,,2016-07-18
2016-07-20,Hush,2016,https://boxd.it/axfaV,3.5,,,2016-07-19
2016-07-21,Galaxy Quest,1999,https://boxd.it/axYn1,3.5,,,2016-07-20
2016-07-21,Zootopia,2016,https://boxd.it/ay3Oh,3.5,Yes,,2016-07-20
2016-07-25,The Running Man,1987,https://boxd.it/aB4Pr,3,,,2016-07-24
2016-07-27,The Bourne Identity,2002,https://boxd.it/aCbIf,3,Yes,,2016-07-26
2016-07-27,The Bourne Supremacy,2004,https://boxd.it/aCkzL,4,,,2016-07-26
2016-07-27,The Bourne Ultimatum,2007,https://boxd.it/aCqcD,4,,,2016-07-26
2016-07-29,Jason Bourne,2016,https://boxd.it/aDXAP,3.5,,,2016-07-28
2016-07-31,Hot Fuzz,2007,https://boxd.it/aFtNN,4,,,2016-07-30
2016-08-01,The Usual Suspects,1995,https://boxd.it/aGpEz,3.5,,,2016-07-31
2016-08-04,The Secret Life of Pets,2016,https://boxd.it/aIOPB,2.5,,,2016-08-03
2016-08-22,Man of Steel,2013,https://boxd.it/aWskz,3.5,,,2016-08-21
2016-08-28,Café Society,2016,https://boxd.it/b1gPv,3.5,,"theatre, polk",2016-08-27
2016-09-04,No Country for Old Men,2007,https://boxd.it/b7q8t,5,,,2016-09-03
2016-09-05,Ben-Hur,2016,https://boxd.it/b8bZp,2,,,2016-09-04
2016-09-12,Sweeney Todd: The Demon Barber of Fleet Street,2007,https://boxd.it/be675,3.5,,,2016-09-11
2016-09-18,Saving Private Ryan,1998,https://boxd.it/bjd3p,5,,,2016-09-17
2016-09-19,Sleepy Hollow,1999,https://boxd.it/bjYX5,3,,,2016-09-18
2016-09-19,Poltergeist,2015,https://boxd.it/bkvgt,1.5,,,2016-09-18
2016-09-23,The Truman Show,1998,https://boxd.it/bnzYZ,4,Yes,,2016-09-22
2016-09-25,Interstellar,2014,https://boxd.it/boO8B,4,,,2016-09-24
2016-10-02,Masterminds,2016,https://boxd.it/buW8h,2,,,2016-10-01
2016-10-06,Deepwater Horizon,2016,https://boxd.it/bylxd,3.5,,,2016-10-05
2016-10-07,Popstar: Never Stop Never Stopping,2016,https://boxd.it/byS5h,3.5,,,2016-10-06
2016-10-08,Superbad,2007,https://boxd.it/bzDPB,4,Yes,,2016-10-07
2016-10-16,The Infiltrator,2016,https://boxd.it/bGzt1,,,,2016-10-14
2016-10-16,Children of the Corn,1984,https://boxd.it/bGHo9,2.5,,,2016-10-15
2016-10-30,The Da Vinci Code,2006,https://boxd.it/bSyW1,2.5,,,2016-10-29
2016-10-30,Bernie,2011,https://boxd.it/bSNAp,3.5,,,2016-10-29
2016-11-01,The Texas Chain Saw Massacre,1974,https://boxd.it/bUNGB,4,,,2016-10-31
2016-11-04,Doctor Strange,2016,https://boxd.it/bXqyF,3.5,,,2016-11-03
2016-11-13,Bernie,2011,https://boxd.it/c4h59,3.5,Yes,,2016-11-11
2016-11-13,Only God Forgives,2013,https://boxd.it/c4JLx,4,,,2016-11-12
2016-11-26,Before the Flood,2016,https://boxd.it/cfLyR,,,,2016-11-16
2016-11-19,Fantastic Beasts and Where to Find Them,2016,https://boxd.it/c9JPz,2.5,,,2016-11-18
2016-11-20,Casino Royale,2006,https://boxd.it/caPld,4,,,2016-11-19
2016-11-21,Arrival,2016,https://boxd.it/cbwxr,4.5,,,2016-11-20
2016-11-22,Sausage Party,2016,https://boxd.it/ccYFv,3,,,2016-11-21
2016-11-23,Moonlight,2016,https://boxd.it/cdKUX,5,,,2016-11-22
2016-11-24,Don't Breathe,2016,https://boxd.it/cezvz,3.5,,,2016-11-23
2016-11-25,Arrival,2016,https://boxd.it/cfqOz,4.5,Yes,,2016-11-24
2016-11-26,Short Term 12,2013,https://boxd.it/cfQXR,4.5,,,2016-11-25
2016-11-29,Allied,2016,https://boxd.it/cjcOj,3.5,,,2016-11-28
2016-11-30,Fight Club,1999,https://boxd.it/cjOHZ,5,,,2016-11-29
2016-12-01,Donnie Darko,2001,https://boxd.it/ckzS1,5,,,2016-11-30
2016-12-02,Birdman or (The Unexpected Virtue of Ignorance),2014,https://boxd.it/cluXd,5,,,2016-12-01
2016-12-03,The Silence of the Lambs,1991,https://boxd.it/cmwap,5,,,2016-12-02
2016-12-04,Moana,2016,https://boxd.it/cnmo9,3.5,,,2016-12-03
2016-12-12,Bad Moms,2016,https://boxd.it/cuGYP,1,,,2016-12-10
2016-12-16,Rogue One: A Star Wars Story,2016,https://boxd.it/cyFSp,3.5,,,2016-12-15
2016-12-18,Moana,2016,https://boxd.it/cAdBT,3.5,Yes,,2016-12-17
2016-12-21,Nocturnal Animals,2016,https://boxd.it/cE09v,4.5,,,2016-12-20
2016-12-22,Passengers,2016,https://boxd.it/cF7v1,2.5,,,2016-12-21
2016-12-25,Manchester by the Sea,2016,https://boxd.it/cHRxB,5,,,2016-12-24
2016-12-28,Why Him?,2016,https://boxd.it/cLFTN,2,,,2016-12-27
2016-12-28,The Angry Birds Movie,2016,https://boxd.it/cM61D,2.5,,,2016-12-27
2017-01-02,Bee Movie,2007,https://boxd.it/cTpQp,2.5,Yes,,2017-01-01
2017-01-03,Fences,2016,https://boxd.it/cUkip,4.5,,,2017-01-02
2017-01-05,Office Christmas Party,2016,https://boxd.it/cXWGZ,1.5,,,2017-01-04
2017-01-06,E.T. the Extra-Terrestrial,1982,https://boxd.it/cZASD,4,Yes,,2017-01-05
2017-01-06,Flubber,1997,https://boxd.it/cZJhr,3,Yes,,2017-01-05
2017-01-07,What's Eating Gilbert Grape,1993,https://boxd.it/d176J,4,Yes,,2017-01-06
2017-01-08,La La Land,2016,https://boxd.it/d30Bf,5,,,2017-01-07
2017-01-14,Silence,2016,https://boxd.it/dagvB,4.5,,,2017-01-13
2017-01-15,La La Land,2016,https://boxd.it/dbGRZ,5,Yes,,2017-01-14
2017-01-16,Whiplash,2014,https://boxd.it/dejWX,5,,,2017-01-15
2017-01-17,Rogue One: A Star Wars Story,2016,https://boxd.it/dfcd9,3.5,Yes,,2017-01-16
2017-01-17,La La Land,2016,https://boxd.it/dfBVP,5,Yes,,2017-01-16
2017-01-22,Split,2016,https://boxd.it/dlMad,3,,,2017-01-21
2017-01-22,Unbreakable,2000,https://boxd.it/dm0DX,4.5,,,2017-01-21
2017-01-29,The Shining,1980,https://boxd.it/dvrxb,5,Yes,,2017-01-28
2017-02-05,The Founder,2016,https://boxd.it/dE3pZ,3.5,,,2017-02-04
2017-02-05,Hidden Figures,2016,https://boxd.it/dEM2B,3,,,2017-02-04
2017-02-11,The Lego Movie,2014,https://boxd.it/dNrvl,4,Yes,,2017-02-10
2017-02-16,The Lego Batman Movie,2017,https://boxd.it/ecYod,3.5,,,2017-02-15
2017-02-19,The Lego Batman Movie,2017,https://boxd.it/eso0r,3.5,Yes,,2017-02-18
2017-02-19,Oldboy,2003,https://boxd.it/eso3F,5,,,2017-02-18
2017-02-26,Get Out,2017,https://boxd.it/eOLgB,4.5,,,2017-02-25
2017-03-03,Logan,2017,https://boxd.it/f2umF,4,,,2017-03-02
2017-03-14,Get Out,2017,https://boxd.it/fsSGL,4.5,Yes,,2017-03-13
2017-03-16,Logan,2017,https://boxd.it/fwTaT,4,Yes,,2017-03-15
2017-03-18,Beauty and the Beast,2017,https://boxd.it/fB1WT,2.5,,,2017-03-17
2017-03-22,Doctor Strange,2016,https://boxd.it/fIvWj,3.5,Yes,,2017-03-20
2017-03-25,Nocturnal Animals,2016,https://boxd.it/fObUp,4.5,Yes,,2017-03-24
2017-03-31,What Dreams May Come,1998,https://boxd.it/fZLN7,2.5,,,2017-03-30
2017-03-31,The Belko Experiment,2016,https://boxd.it/g0uAd,2.5,,,2017-03-30
2017-04-05,Life,2017,https://boxd.it/gafh1,2,,"theatre, cobb",2017-04-04
2017-04-07,Ghost in the Shell,2017,https://boxd.it/gdKyt,3,,"theatre, cobb",2017-04-06
2017-04-12,The Assignment,2016,https://boxd.it/gnBkn,0.5,,"other, streaming",2017-04-11
2017-04-15,Gifted,2017,https://boxd.it/gt4sv,3.5,,"theatre, cobb",2017-04-14
2017-04-16,One Flew Over the Cuckoo's Nest,1975,https://boxd.it/gtTUv,5,,"home, streaming",2017-04-15
2017-04-19,Mindwalk,1990,https://boxd.it/gzuh1,3,,"other, dvd",2017-04-18
2017-04-23,Free Fire,2016,https://boxd.it/gG3MP,3,,"theatre, cobb",2017-04-22
2017-04-28,King Arthur: Legend of the Sword,2017,https://boxd.it/gORJ3,1,,"theatre, amc, advance screening",2017-04-27
2017-04-29,Guardians of the Galaxy,2014,https://boxd.it/gQr0l,4,Yes,"home, streaming",2017-04-28
2017-05-02,The Martian,2015,https://boxd.it/gUh4b,3.5,,"other, dvd",2017-05-01
2017-05-04,The Lost City of Z,2016,https://boxd.it/gYfeV,4,,"theatre, cobb",2017-05-03
2017-05-05,Super,2010,https://boxd.it/gYZTF,3,,"home, streaming",2017-05-04
2017-05-05,Guardians of the Galaxy Vol. 2,2017,https://boxd.it/gZBNl,3,,"theatre, cobb",2017-05-04
2017-05-07,Megamind,2010,https://boxd.it/h2nMJ,3.5,Yes,,2017-05-06
2017-05-10,Forrest Gump,1994,https://boxd.it/h7ubZ,4,Yes,,2017-05-09
2017-05-12,Hidden Figures,2016,https://boxd.it/ha3QR,3,Yes,"theatre, cobb",2017-05-11
2017-05-12,Memento,2000,https://boxd.it/haKOp,5,,"home, streaming",2017-05-11
2017-05-14,The Wall,2017,https://boxd.it/hcRHJ,3,,"theatre, cobb",2017-05-13
2017-05-18,Alien,1979,https://boxd.it/hhI2n,4,,"home, streaming",2017-05-17
2017-05-22,Prometheus,2012,https://boxd.it/hncpB,3,,"home, streaming",2017-05-21
2017-05-31,The Witness,2015,https://boxd.it/hyiKH,,,,2017-05-24
2017-05-26,Pirates of the Caribbean: Dead Men Tell No Tales,2017,https://boxd.it/hsezD,2.5,,"theatre, cobb",2017-05-25
2017-05-27,Get Out,2017,https://boxd.it/htmt1,4.5,Yes,"other, streaming",2017-05-26
2017-05-28,John Wick,2014,https://boxd.it/htFTn,4,,"other, streaming",2017-05-27
2017-05-29,La La Land,2016,https://boxd.it/hvE6t,5,Yes,"other, streaming",2017-05-28
2017-05-30,John Wick: Chapter 2,2017,https://boxd.it/hx6BL,4,,"home, streaming",2017-05-29
2017-05-31,Falling Leaves,1912,https://boxd.it/hycT9,,,,2017-05-30
2017-05-31,Watchmen,2009,https://boxd.it/hyye3,4,,"home, streaming",2017-05-30
2017-06-01,The General,1926,https://boxd.it/hz8WF,4.5,,"home, streaming",2017-05-31
2017-06-02,Wonder Woman,2017,https://boxd.it/hASUd,2.5,,"theatre, cobb",2017-06-01
2017-06-03,Rosencrantz & Guildenstern Are Dead,1990,https://boxd.it/hBia1,3.5,,"other, dvd",2017-06-02
2017-06-03,Alien: Covenant,2017,https://boxd.it/hBLDL,3.5,,"theatre, cobb",2017-06-02
2017-06-05,Guardians of the Galaxy,2014,https://boxd.it/hFfmB,4,Yes,"home, streaming",2017-06-04
2017-06-06,Trainspotting,1996,https://boxd.it/hGNBn,4.5,,"home, streaming",2017-06-05
2017-06-07,Captain Underpants: The First Epic Movie,2017,https://boxd.it/hHxvv,3,,"theatre, cobb",2017-06-06
2017-06-07,Coraline,2009,https://boxd.it/hHOOT,4,Yes,"home, streaming",2017-06-06
2017-06-08,Guardians of the Galaxy Vol. 2,2017,https://boxd.it/hIV8d,3,Yes,"theatre, cobb",2017-06-07
2017-06-08,Moonrise Kingdom,2012,https://boxd.it/hJp4v,4.5,Yes,"home, streaming",2017-06-07
2017-06-09,It Comes at Night,2017,https://boxd.it/hKG9T,3.5,,"theatre, cobb",2017-06-08
2017-06-09,The Mummy,2017,https://boxd.it/hKNS7,1.5,,"theatre, cobb",2017-06-08
2017-06-10,Shimmer Lake,2017,https://boxd.it/hLcup,3,,"home, streaming",2017-06-09
2017-06-13,Anomalisa,2015,https://boxd.it/hOZBb,4.5,,"home, streaming",2017-06-12
2017-06-13,Pirates of the Caribbean: Dead Men Tell No Tales,2017,https://boxd.it/hPtB1,2.5,Yes,"theatre, cobb",2017-06-12
2017-06-14,It Comes at Night,2017,https://boxd.it/hQxiz,3.5,Yes,"theatre, cobb",2017-06-13
2017-06-16,The Lobster,2015,https://boxd.it/hS2lB,4.5,,"home, streaming",2017-06-14
2017-06-17,My Life as a Zucchini,2016,https://boxd.it/hTrOZ,4,,"other, streaming",2017-06-16
2017-06-17,Krisha,2015,https://boxd.it/hTTSZ,4.5,,"other, streaming",2017-06-16
2017-06-18,Ex Machina,2014,https://boxd.it/hV8Dd,4.5,,"other, streaming",2017-06-17
2017-06-19,Enemy,2013,https://boxd.it/hWoSv,4,,"home, streaming",2017-06-18
2017-06-22,Heavyweights,1995,https://boxd.it/i0sgN,2,,"other, streaming",2017-06-21
2017-06-22,Drive,2011,https://boxd.it/i15rF,5,,"home, streaming",2017-06-21
2017-06-24,Wakefield,2016,https://boxd.it/i3f1r,2,,"theatre, tampa theatre",2017-06-23
2017-06-25,Scott Pilgrim vs. the World,2010,https://boxd.it/i4yxj,4.5,,"home, streaming",2017-06-24
2017-06-27,Shaun of the Dead,2004,https://boxd.it/i6Uxf,4.5,,"home, streaming",2017-06-26
2017-06-29,Baby Driver,2017,https://boxd.it/i9xC3,4,,"theatre, cobb",2017-06-27
2017-06-29,Scott Pilgrim vs. the World,2010,https://boxd.it/ia48b,4.5,Yes,"home, streaming",2017-06-28
2017-07-03,The Beguiled,2017,https://boxd.it/ifto9,4,,"theatre, cobb",2017-07-02
2017-07-06,Baby Driver,2017,https://boxd.it/ikebp,4,Yes,"theatre, cobb",2017-07-05
2017-07-07,Spider-Man: Homecoming,2017,https://boxd.it/ilPcB,3,,"theatre, cobb",2017-07-06
2017-07-12,Rise of the Planet of the Apes,2011,https://boxd.it/itFoN,3.5,Yes,"home, streaming",2017-07-11
2017-07-14,Dawn of the Planet of the Apes,2014,https://boxd.it/ivL1z,3.5,,"home, streaming",2017-07-12
2017-07-14,War for the Planet of the Apes,2017,https://boxd.it/iwdOp,4,,"theatre, cobb",2017-07-13
2017-07-15,Spider-Man: Homecoming,2017,https://boxd.it/ixRcd,3,Yes,"theatre, cobb",2017-07-14
2017-07-16,The Big Sick,2017,https://boxd.it/izwJJ,4,,"theatre, cobb",2017-07-15
2017-07-17,Okja,2017,https://boxd.it/iAY1R,3.5,,"home, streaming",2017-07-16
2017-07-17,The Gift,2015,https://boxd.it/iBgz3,4,,"home, streaming",2017-07-16
2017-07-21,Dunkirk,2017,https://boxd.it/iGKNT,4,,"theatre, cobb, imax",2017-07-20
2017-07-22,The Prestige,2006,https://boxd.it/iIt63,4.5,,"home, streaming",2017-07-21
2017-07-24,The Room,2003,https://boxd.it/iLKsV,0.5,,"other, streaming",2017-07-23
2017-07-24,Baby Driver,2017,https://boxd.it/iMffj,4,Yes,"theatre, cobb",2017-07-23
2017-07-27,Dope,2015,https://boxd.it/iQ6Jx,4,,"home, streaming",2017-07-26
2017-07-28,Dunkirk,2017,https://boxd.it/iRUsN,4,Yes,"theatre, cobb",2017-07-26
2017-08-04,Baby Driver,2017,https://boxd.it/j4g0l,4,Yes,"theatre, cobb",2017-08-03
2017-08-04,Baby Driver,2017,https://boxd.it/j4s2t,4,Yes,"theatre, cobb",2017-08-03
2017-08-10,Bronson,2008,https://boxd.it/jcB1Z,4,,"other, streaming",2017-08-09
2017-08-18,Moana,2016,https://boxd.it/joqFX,3.5,Yes,other,2017-08-17
2017-08-20,A Ghost Story,2017,https://boxd.it/jrzrr,4.5,,"theatre, polk",2017-08-19
2017-08-21,The Hateful Eight,2015,https://boxd.it/jsa53,4,,"home, streaming",2017-08-20
2017-08-21,Logan Lucky,2017,https://boxd.it/jsFDF,3,,"theatre, cobb",2017-08-20
2017-08-23,Paterson,2016,https://boxd.it/jvCBH,4.5,,"home, streaming",2017-08-22
2017-08-27,Good Time,2017,https://boxd.it/jB1zB,4.5,,"theatre, cobb",2017-08-26
2017-08-29,Into the Wild,2007,https://boxd.it/jEuT7,4.5,Yes,"home, streaming",2017-08-28
2017-08-30,GoodFellas,1990,https://boxd.it/jFxU5,5,,"home, streaming",2017-08-29
2017-09-01,Reservoir Dogs,1992,https://boxd.it/jJOoN,4,Yes,"home, streaming",2017-08-31
2017-09-04,Good Time,2017,https://boxd.it/jPfWR,4.5,Yes,"theatre, cobb",2017-09-03
2017-09-08,It,2017,https://boxd.it/jVaIR,2.5,,"theatre, cobb",2017-09-07
2017-09-09,The Hitman's Bodyguard,2017,https://boxd.it/jWHP9,2,,"theatre, cobb",2017-09-08
2017-09-11,Requiem for a Dream,2000,https://boxd.it/jZOw5,4.5,,"home, streaming",2017-09-10
2017-09-13,It,2017,https://boxd.it/k3deV,2.5,Yes,"theatre, cobb",2017-09-12
2017-09-14,Spider-Man: Homecoming,2017,https://boxd.it/k4aoP,3,Yes,"theatre, cobb",2017-09-13
2017-09-15,mother!,2017,https://boxd.it/k606v,4,,"theatre, cobb",2017-09-14
2017-09-21,Kingsman: The Secret Service,2014,https://boxd.it/keQex,3.5,Yes,"home, streaming",2017-09-20
2017-09-22,Kingsman: The Golden Circle,2017,https://boxd.it/kgrRX,2.5,,"theatre, cobb",2017-09-21
2017-09-25,The Big Lebowski,1998,https://boxd.it/klU5X,4.5,,"home, streaming",2017-09-24
2017-09-26,mother!,2017,https://boxd.it/knzVn,4,Yes,"theatre, cobb",2017-09-25
2017-09-28,Sweeney Todd: The Demon Barber of Fleet Street,2007,https://boxd.it/kqbO9,3.5,Yes,"home, streaming",2017-09-27
2017-09-29,Wind River,2017,https://boxd.it/kriVN,3,,"theatre, cobb",2017-09-28
2017-10-01,Drive,2011,https://boxd.it/kuB4J,5,Yes,"home, streaming",2017-09-30
2017-10-02,Captain Underpants: The First Epic Movie,2017,https://boxd.it/kw5OJ,3,Yes,"home, blu-ray",2017-10-01
2017-10-04,It Follows,2014,https://boxd.it/kyOcz,4,,"home, streaming",2017-10-03
2017-10-05,Blade Runner,1982,https://boxd.it/kALnj,4.5,,"home, streaming",2017-10-04
2017-10-06,Blade Runner 2049,2017,https://boxd.it/kCEqp,4,,"theatre, cobb, imax",2017-10-05
2017-10-12,Battle of the Sexes,2017,https://boxd.it/kLYIV,3,,"theatre, cobb",2017-10-11
2017-10-15,Raw,2016,https://boxd.it/kRpC1,4,,"home, streaming",2017-10-15
2017-10-17,Saw,2004,https://boxd.it/kUiaP,2.5,,"home, streaming",2017-10-16
2017-10-19,Punch-Drunk Love,2002,https://boxd.it/kXeXf,4.5,,"home, blu-ray",2017-10-18
2017-10-22,The Foreigner,2017,https://boxd.it/l1XJZ,3,,"theatre, cobb",2017-10-21
2017-10-22,Captain Fantastic,2016,https://boxd.it/l2dL3,4.5,,"home, streaming",2017-10-22
2017-11-03,Thor: Ragnarok,2017,https://boxd.it/lkGgz,3,,"theatre, cobb, imax",2017-11-02
2017-11-10,Murder on the Orient Express,2017,https://boxd.it/lvDvN,3,,"theatre, cobb",2017-11-09
2017-11-13,La La Land,2016,https://boxd.it/lArtF,5,Yes,other,2017-11-12
2017-11-17,Justice League,2017,https://boxd.it/lGkbV,2,,"theatre, cobb",2017-11-16
2017-11-19,Monty Python and the Holy Grail,1975,https://boxd.it/lJVAJ,4,,"home, streaming",2017-11-18
2017-11-23,Thor: Ragnarok,2017,https://boxd.it/lPGuj,3,Yes,"theatre, cobb",2017-11-21
2017-11-23,"Three Billboards Outside Ebbing, Missouri",2017,https://boxd.it/lQjux,4,,"theatre, cobb",2017-11-22
2017-11-24,How the Grinch Stole Christmas,2000,https://boxd.it/lRiTj,2.5,Yes,"home, streaming",2017-11-23
2017-11-24,Lady Bird,2017,https://boxd.it/lS0S5,4.5,,"theatre, cobb",2017-11-23
2017-11-26,Memento,2000,https://boxd.it/lVyPv,5,Yes,"home, blu-ray",2017-11-25
2017-12-02,How the Grinch Stole Christmas,2000,https://boxd.it/m66Ap,2.5,Yes,"streaming, other",2017-12-01
2018-01-08,Enemy,2013,https://boxd.it/nnvWN,4,Yes,"home, blu-ray",2017-12-02
2018-01-14,Locke,2013,https://boxd.it/nBBMx,3.5,,"home, streaming",2017-12-03
2017-12-06,The Florida Project,2017,https://boxd.it/mdog7,4,,"theatre, polk",2017-12-05
2017-12-08,Lady Bird,2017,https://boxd.it/mgtfJ,4.5,Yes,"theatre, cobb",2017-12-07
2017-12-10,2001: A Space Odyssey,1968,https://boxd.it/mkc0l,5,,"home, blu-ray",2017-12-09
2017-12-11,Star Wars,1977,https://boxd.it/mm7vd,4.5,Yes,"home, streaming",2017-12-10
2017-12-12,The Empire Strikes Back,1980,https://boxd.it/mor25,5,Yes,"home, streaming",2017-12-11
2017-12-13,Return of the Jedi,1983,https://boxd.it/mpWO7,3.5,Yes,"home, streaming",2017-12-12
2017-12-14,Star Wars: The Force Awakens,2015,https://boxd.it/mrzOn,3.5,Yes,"home, streaming",2017-12-13
2017-12-15,Star Wars: The Last Jedi,2017,https://boxd.it/mteMf,3,,"theatre, cobb, imax",2017-12-14
2017-12-17,Her,2013,https://boxd.it/mw0ez,5,,"home, blu-ray",2017-12-16
2017-12-30,A Glimpse Inside the Mind of Charles Swan III,2012,https://boxd.it/mXg0n,1.5,,"home, streaming",2017-12-17
2017-12-19,Nacho Libre,2006,https://boxd.it/mASE5,3,Yes,"home, streaming",2017-12-18
2017-12-20,Whiplash,2014,https://boxd.it/mDcqr,5,Yes,"home, blu-ray",2017-12-19
2017-12-21,Whiplash,2013,https://boxd.it/mEygl,,,,2017-12-20
2017-12-22,Tangerine,2015,https://boxd.it/mGlpt,3.5,,"other, streaming",2017-12-21
2017-12-22,Monty Python and the Holy Grail,1975,https://boxd.it/mGIdF,4,Yes,"home, blu-ray",2017-12-21
2017-12-24,The Shape of Water,2017,https://boxd.it/mK6vz,4,,"theatre, cobb",2017-12-23
2018-01-08,Under the Skin,2013,https://boxd.it/nomep,3.5,,"home, blu-ray",2017-12-25
2017-12-30,Ginger & Rosa,2012,https://boxd.it/mXgx7,2.5,,"home, streaming",2017-12-26
2017-12-30,Spring Breakers,2012,https://boxd.it/mXiaJ,3.5,,"home, streaming",2017-12-27
2017-12-29,Taxi Driver,1976,https://boxd.it/mWnPF,4.5,,"home, blu-ray",2017-12-28
2017-12-29,Frank,2014,https://boxd.it/mWy3x,4,,"home, streaming",2017-12-29
2017-12-30,Frank,2014,https://boxd.it/mY5Tj,4,Yes,"home, streaming",2017-12-29
2018-01-01,Bo Burnham: Make Happy,2016,https://boxd.it/n3N03,,,,2017-12-29
2018-01-09,Black Mirror: USS Callister,2017,https://boxd.it/nrPYH,,,,2017-12-29
2018-01-02,The Greatest Showman,2017,https://boxd.it/n7VMd,2,,"theatre, cobb",2018-01-01
2018-01-03,Star Wars: The Last Jedi,2017,https://boxd.it/naP7T,3,Yes,"theatre, cobb",2018-01-02
2018-01-04,The Bling Ring,2013,https://boxd.it/ncMJp,2,,"home, streaming",2018-01-03
2018-01-05,Pee-wee's Big Adventure,1985,https://boxd.it/ng2Vd,3.5,Yes,"home, streaming",2018-01-04
2018-01-06,Star Wars: The Last Jedi,2017,https://boxd.it/nijW7,3,Yes,"theatre, cobb",2018-01-05
2018-01-07,The Spectacular Now,2013,https://boxd.it/nkzLX,3,,"home, streaming",2018-01-06
2018-01-11,The Disaster Artist,2017,https://boxd.it/nwg0R,3,,"theatre, polk",2018-01-10
2018-01-15,Obvious Child,2014,https://boxd.it/nGm7J,3,,"home, streaming",2018-01-12
2018-01-15,The Rover,2014,https://boxd.it/nGN8J,3.5,,"home, streaming",2018-01-14
2018-01-19,Life After Beth,2014,https://boxd.it/nNZ5B,2,,"home, streaming",2018-01-17
2018-01-19,Fat Girl,2001,https://boxd.it/nPchH,4,,"home, streaming",2018-01-18
2018-01-21,Phantom Thread,2017,https://boxd.it/nSRjb,4,,"theatre, cobb",2018-01-20
2018-02-04,Seven Samurai,1954,https://boxd.it/onnEl,5,,"home, blu-ray",2018-01-27
2018-02-02,Call Me by Your Name,2017,https://boxd.it/oks6n,4,,"theatre, polk",2018-02-01
2018-02-04,"I, Tonya",2017,https://boxd.it/ooIwz,3.5,,"theatre, cobb",2018-02-03
2018-02-09,A Clockwork Orange,1971,https://boxd.it/ozlyJ,5,,"home, blu-ray",2018-02-08
2018-02-16,Black Panther,2018,https://boxd.it/oOvrX,3.5,,"theatre, cobb, imax",2018-02-15
2018-02-20,The World's End,2013,https://boxd.it/oYqQt,4,,"home, blu-ray",2018-02-19
2018-02-23,Annihilation,2018,https://boxd.it/p4r8T,3,,"theatre, cobb",2018-02-22
2018-02-24,Mr. Nobody,2009,https://boxd.it/p6zFb,4.5,,"home, streaming",2018-02-23
2018-03-01,Coco,2017,https://boxd.it/pjTaN,3,,"home, blu-ray",2018-02-28
2018-03-02,Red Sparrow,2018,https://boxd.it/pm4fj,2.5,,"theatre, cobb",2018-03-01
2018-03-05,Full Metal Jacket,1987,https://boxd.it/ptcK9,4,,"home, streaming",2018-03-04
2018-03-10,Game Night,2018,https://boxd.it/pFC9n,3,,"theatre, cobb",2018-03-09
2018-03-11,John Mulaney: The Comeback Kid,2015,https://boxd.it/pHFFP,,,,2018-03-10
2018-03-11,A Ghost Story,2017,https://boxd.it/pHYRZ,4.5,Yes,"home, blu-ray",2018-03-10
2018-03-12,Thoroughbreds,2017,https://boxd.it/pKxMT,3,,"theatre, cobb",2018-03-11
2018-03-18,Frances Ha,2012,https://boxd.it/pXMjN,4,,"home, streaming",2018-03-17
2018-03-25,Dr. Strangelove or: How I Learned to Stop Worrying and Love the Bomb,1964,https://boxd.it/qe3bj,5,,"home, blu-ray",2018-03-24
2018-03-27,The Place Beyond the Pines,2012,https://boxd.it/qjpjT,4,,"home, streaming",2018-03-26
2018-03-29,Ready Player One,2018,https://boxd.it/qomV1,2.5,,"theatre, cobb, imax",2018-03-28
2018-04-06,A Quiet Place,2018,https://boxd.it/qHkLL,3,,"theatre, cobb",2018-04-05
2018-04-13,The Death of Stalin,2017,https://boxd.it/qWZgT,3.5,,"theatre, polk",2018-04-12
2018-04-14,Fantastic Mr. Fox,2009,https://boxd.it/qYUCT,4.5,Yes,"home, streaming",2018-04-13
2018-04-14,Isle of Dogs,2018,https://boxd.it/qZneV,3.5,,"theatre, cobb",2018-04-13
2018-04-22,Isle of Dogs,2018,https://boxd.it/rfFwl,3.5,Yes,"theatre, cobb",2018-04-21
2018-04-27,Avengers: Infinity War,2018,https://boxd.it/rqCMn,3.5,,"theatre, cobb, imax",2018-04-26
2018-04-30,Se7en,1995,https://boxd.it/rxlod,4.5,,"home, streaming",2018-04-29
2018-05-04,Tully,2018,https://boxd.it/rGGgn,3.5,,"theatre, cobb",2018-05-03
2018-05-05,Avengers: Infinity War,2018,https://boxd.it/rInV1,3.5,Yes,"theatre, cobb",2018-05-04
2018-05-07,The Killing of a Sacred Deer,2017,https://boxd.it/rNsg3,3.5,,"home, streaming",2018-05-06
2018-05-10,Fruitvale Station,2013,https://boxd.it/rSLUh,4,,"home, streaming",2018-05-09
2018-05-11,Paths of Glory,1957,https://boxd.it/rUHWH,5,,"home, blu-ray",2018-05-10
2018-05-14,There Will Be Blood,2007,https://boxd.it/s15eB,5,,"home, streaming",2018-05-13
2018-05-17,Tully,2018,https://boxd.it/s6kUx,3.5,Yes,"theatre, cobb",2018-05-16
2018-05-19,Deadpool,2016,https://boxd.it/s9x8H,3,Yes,"home, streaming",2018-05-18
2018-05-19,Deadpool 2,2018,https://boxd.it/s9O4x,3,,"theatre, cobb",2018-05-18
2018-05-23,Fargo,1996,https://boxd.it/si3jD,4,,"home, streaming",2018-05-22
2018-05-27,Napoleon Dynamite,2004,https://boxd.it/sqn95,3.5,Yes,"other, streaming",2018-05-26
2018-05-27,Wayne's World,1992,https://boxd.it/sqq8T,3,,"other, streaming",2018-05-26
2018-05-27,Night at the Museum,2006,https://boxd.it/sqIJD,2.5,Yes,"other, streaming",2018-05-26
2018-05-27,The Hangover,2009,https://boxd.it/sqIX1,3,Yes,"other, streaming",2018-05-26
2018-05-28,Solo: A Star Wars Story,2018,https://boxd.it/ssOOj,3,,theatre,2018-05-27
2018-06-02,There Will Be Blood,2007,https://boxd.it/sCoyT,5,Yes,"other, streaming",2018-05-29
2018-06-02,Half Nelson,2006,https://boxd.it/sEfH7,2.5,,"other, streaming",2018-05-30
2018-06-08,The Incredibles,2004,https://boxd.it/sPUpF,4.5,Yes,other,2018-06-07
2018-06-08,A Serious Man,2009,https://boxd.it/sQZgF,4,,"other, streaming",2018-06-07
2018-06-09,Hereditary,2018,https://boxd.it/sSLzd,4.5,,"theatre, cobb",2018-06-08
2018-06-10,Hereditary,2018,https://boxd.it/sVwZL,4.5,Yes,"theatre, cobb",2018-06-09
2018-06-14,We Need to Talk About Kevin,2011,https://boxd.it/t4wqp,4,,"home, streaming",2018-06-13
2018-06-16,Bao,2018,https://boxd.it/t6Tyl,,,,2018-06-14
2018-06-16,Incredibles 2,2018,https://boxd.it/t6TzN,3.5,,"theatre, cobb",2018-06-14
2018-06-16,The Strange Thing About the Johnsons,2011,https://boxd.it/t6TB5,,,,2018-06-15
2018-06-25,Coraline,2009,https://boxd.it/tq1GZ,4,Yes,"other, streaming",2018-06-23
2018-06-27,Jurassic World: Fallen Kingdom,2018,https://boxd.it/tvlb3,2,,"theatre, cobb",2018-06-26
2018-06-29,Sicario,2015,https://boxd.it/tyQZT,4,,"home, streaming",2018-06-28
2018-07-01,Eyes Wide Shut,1999,https://boxd.it/tCG05,4.5,,"home, streaming",2018-06-29
2018-07-01,Sicario: Day of the Soldado,2018,https://boxd.it/tDoGJ,2.5,,"theatre, cobb",2018-06-30
2018-07-03,Heaven Knows What,2014,https://boxd.it/tIbiz,3.5,,"home, streaming",2018-07-02
2018-07-04,Last Flag Flying,2017,https://boxd.it/tK4f3,3.5,,"home, streaming",2018-07-03
2018-07-05,Ant-Man,2015,https://boxd.it/tM8Hf,3.5,Yes,"home, streaming",2018-07-04
2018-07-06,Ant-Man and the Wasp,2018,https://boxd.it/tO9KD,2.5,,"theatre, cobb",2018-07-05
2018-07-07,Bruce Almighty,2003,https://boxd.it/tQiZ7,3,Yes,"home, tv",2018-07-06
2018-07-09,Eternal Sunshine of the Spotless Mind,2004,https://boxd.it/tUWzL,5,Yes,"theatre, polk",2018-07-08
2018-07-10,Yellow Submarine,1968,https://boxd.it/tXuuT,2.5,,"theatre, polk",2018-07-09
2018-07-11,The Rider,2017,https://boxd.it/tZnsv,3.5,,"theatre, polk",2018-07-10
2018-07-13,Mission: Impossible,1996,https://boxd.it/u4iPf,3,,"home, streaming",2018-07-12
2018-07-14,Sorry to Bother You,2018,https://boxd.it/u61Wx,3.5,,"theatre, cobb",2018-07-13
2018-07-15,Mission: Impossible II,2000,https://boxd.it/u8CQb,2.5,,"home, streaming",2018-07-14
2018-07-16,Barry Lyndon,1975,https://boxd.it/uaRZr,4.5,,"theatre, polk",2018-07-15
2018-07-17,Paddington 2,2017,https://boxd.it/udokP,4,,"home, blu-ray",2018-07-16
2018-07-18,Damsel,2018,https://boxd.it/ufE19,3,,"theatre, polk",2018-07-17
2018-07-20,Mission: Impossible III,2006,https://boxd.it/ukqF5,3.5,,"home, streaming",2018-07-19
2018-07-21,Prisoners,2013,https://boxd.it/umI7z,4,,"home, streaming",2018-07-20
2018-07-22,Lars and the Real Girl,2007,https://boxd.it/upbBx,3.5,,"home, streaming",2018-07-21
2018-07-23,Mission: Impossible - Ghost Protocol,2011,https://boxd.it/us6J3,3.5,,"home, streaming",2018-07-22
2018-07-25,Mission: Impossible - Rogue Nation,2015,https://boxd.it/uwLnZ,3.5,,"home, streaming",2018-07-24
2018-07-26,Won't You Be My Neighbor?,2018,https://boxd.it/uyCdF,4,,"theatre, polk",2018-07-25
2018-07-27,Mission: Impossible - Fallout,2018,https://boxd.it/uASzL,4,,"theatre, cobb, imax",2018-07-26
2018-07-29,Lean on Pete,2017,https://boxd.it/uFCiJ,3.5,,"home, streaming",2018-07-28
2018-07-30,The Witch,2015,https://boxd.it/uIDrN,4,,"home, streaming",2018-07-29
2018-07-31,Blindspotting,2018,https://boxd.it/uL2w3,3.5,,"theatre, cobb",2018-07-30
2018-08-01,First Reformed,2017,https://boxd.it/uNrMT,5,,"home, streaming",2018-07-31
2018-08-03,The Umbrellas of Cherbourg,1964,https://boxd.it/uRQ6h,5,,"home, blu-ray",2018-08-02
2018-08-04,Eighth Grade,2018,https://boxd.it/uTg6T,4,,"theatre, cobb",2018-08-03
2018-08-05,You Were Never Really Here,2017,https://boxd.it/uWPjf,4,,"home, streaming",2018-08-04
2018-08-07,American Psycho,2000,https://boxd.it/v2bdt,3.5,,"home, streaming",2018-08-06
2018-08-09,The Big Lebowski,1998,https://boxd.it/v6DzF,4.5,Yes,"theatre, cinemark",2018-08-08
2018-08-10,BlacKkKlansman,2018,https://boxd.it/v8MUr,4,,"theatre, cobb",2018-08-09
2018-08-11,Insomnia,2002,https://boxd.it/vbe9n,3,,"home, blu-ray",2018-08-10
2018-08-15,Robin Williams: Come Inside My Mind,2018,https://boxd.it/vlnL1,3.5,,"home, streaming",2018-08-14
2018-08-16,BlacKkKlansman,2018,https://boxd.it/vmYc5,4,Yes,"theatre, cobb",2018-08-15
2018-08-17,"Don't Worry, He Won't Get Far on Foot",2018,https://boxd.it/vpuDh,3.5,,"theatre, polk",2018-08-16
2018-08-23,Tusk,2014,https://boxd.it/vF8xX,2,,"apartment, streaming",2018-08-22
2018-08-27,Dr. Strangelove or: How I Learned to Stop Worrying and Love the Bomb,1964,https://boxd.it/vQgzf,5,Yes,"apartment, blu-ray",2018-08-26
2018-08-29,2001: A Space Odyssey,1968,https://boxd.it/vUf8v,5,Yes,"theatre, imax, regal, hollywood 16",2018-08-28
2018-08-30,Laura,1944,https://boxd.it/vWl73,3.5,,"dvd, filmanalysis",2018-08-29
2018-09-02,The Little Stranger,2018,https://boxd.it/w2pd7,2.5,,"theatre, regal, butler plaza 14",2018-09-01
2018-09-05,A Ghost Story,2017,https://boxd.it/waVzb,4.5,Yes,"apartment, blu-ray",2018-09-04
2018-09-06,Bicycle Thieves,1948,https://boxd.it/wcq4Z,5,,"filmanalysis, dvd",2018-09-05
2018-09-07,Searching,2018,https://boxd.it/wetzZ,3.5,,"theatre, regal, celebration pointe 10",2018-09-06
2018-09-13,Witness for the Prosecution,1957,https://boxd.it/wseYt,3.5,,"filmanalysis, dvd",2018-09-12
2018-09-14,Mandy,2018,https://boxd.it/wuwJb,3,,"theatre, regal, royal park 16",2018-09-13
2018-09-20,In the Mood for Love,2000,https://boxd.it/wGVHD,5,,"filmanalysis, dvd",2018-09-19
2018-09-23,Assassination Nation,2018,https://boxd.it/wNIsT,3.5,,"theatre, regal, butler plaza 14",2018-09-22
2018-09-27,Notorious,1946,https://boxd.it/wVY8L,4,,"filmanalysis, blu-ray",2018-09-26
2018-10-04,Blue Gold: World Water Wars,2008,https://boxd.it/xc3zJ,,,"apartment, streaming",2018-10-02
2018-10-04,Man with a Movie Camera,1929,https://boxd.it/xc3GF,,,"filmanalysis, streaming",2018-10-03
2018-10-06,Scott Pilgrim vs. the World,2010,https://boxd.it/xgDeP,4.5,Yes,"apartment, blu-ray",2018-10-05
2018-10-08,Venom,2018,https://boxd.it/xlS5t,1.5,,"theatre, regal, royal park 16, sinemia",2018-10-07
2018-10-09,A Star Is Born,2018,https://boxd.it/xo1Vx,3,,"theatre, regal, celebration pointe 10",2018-10-08
2018-10-11,Singin' in the Rain,1952,https://boxd.it/xsbpp,5,,"filmanalysis, dvd",2018-10-10
2018-10-13,First Man,2018,https://boxd.it/xx4KZ,3,,"theatre, regal, celebration pointe 10, sinemia",2018-10-12
2018-10-14,Shaun of the Dead,2004,https://boxd.it/xAfxX,4.5,Yes,"apartment, blu-ray",2018-10-13
2018-10-16,Bad Times at the El Royale,2018,https://boxd.it/xFqpv,3,,"theatre, regal, celebration pointe 10",2018-10-15
2018-10-18,Do the Right Thing,1989,https://boxd.it/xK6xf,5,,"filmanalysis, blu-ray",2018-10-17
2018-10-19,Halloween,1978,https://boxd.it/xMe1P,3,,"apartment, streaming",2018-10-18
2018-10-26,Daughters of the Dust,1991,https://boxd.it/y2j3X,3.5,,"filmanalysis, streaming",2018-10-24
2018-10-26,Halloween,2018,https://boxd.it/y2zRf,2.5,,"theatre, regal, celebration pointe 10, sinemia",2018-10-25
2018-10-28,mid90s,2018,https://boxd.it/y7CON,3,,"theatre, regal, butler plaza 14",2018-10-27
2018-10-29,First Reformed,2017,https://boxd.it/ybggd,5,Yes,"apartment, blu-ray",2018-10-28
2018-10-31,The Old Man & the Gun,2018,https://boxd.it/yeFzb,3.5,,"theatre, regal, royal park 16",2018-10-30
2018-11-01,20 Feet from Stardom,2013,https://boxd.it/yh68b,3.5,,"filmanalysis, blu-ray",2018-10-31
2018-11-07,Suspiria,2018,https://boxd.it/yuXRf,3.5,,"theatre, regal, butler plaza 14",2018-11-02
2018-11-04,Bohemian Rhapsody,2018,https://boxd.it/yp5db,2.5,,"theatre, cobb",2018-11-03
2018-11-08,High Noon,1952,https://boxd.it/yy1Sx,3.5,,"filmanalysis, dvd",2018-11-07
2018-11-09,Green Book,2018,https://boxd.it/yACuV,2.5,,"theatre, regal, royal park 16, advance screening",2018-11-08
2018-11-12,Beautiful Boy,2018,https://boxd.it/yJ8mF,2.5,,"theatre, regal, butler plaza 14",2018-11-11
2018-11-15,Alien,1979,https://boxd.it/yPrZN,4,Yes,"filmanalysis, dvd",2018-11-14
2018-11-17,Boy Erased,2018,https://boxd.it/yUAfz,3,,"theatre, regal, royal park 16",2018-11-16
2018-11-19,Overlord,2018,https://boxd.it/yZ6ff,2.5,,"theatre, regal, celebration pointe 10",2018-11-18
2018-11-23,Widows,2018,https://boxd.it/z9JZh,4,,"theatre, cobb, sinemia",2018-11-22
2018-11-24,Wildlife,2018,https://boxd.it/zc7YV,3.5,,"theatre, polk",2018-11-23
2018-11-29,Pariah,2011,https://boxd.it/zp3eb,4,,"filmanalysis, dvd",2018-11-28
2018-12-06,Strange Days,1995,https://boxd.it/zH29v,2.5,,"filmanalysis, dvd",2018-12-05
2018-12-07,Creed II,2018,https://boxd.it/zJaex,3,,"theatre, regal, celebration pointe 10, sinemia",2018-12-06
2018-12-08,Spider-Man: Into the Spider-Verse,2018,https://boxd.it/zLCfH,4.5,,"theatre, regal, celebration pointe 10, advance screening, sinemia",2018-12-07
2018-12-15,Gran Torino,2008,https://boxd.it/A3OTv,1.5,,,2018-12-14
2018-12-16,Dirty Harry,1971,https://boxd.it/A6L0D,3.5,,"home, streaming",2018-12-15
2018-12-18,Little Miss Sunshine,2006,https://boxd.it/Ac2tR,4,,"home, streaming",2018-12-17
2018-12-19,The Princess Bride,1987,https://boxd.it/AfdxV,3.5,,blu-ray,2018-12-18
2018-12-21,Aquaman,2018,https://boxd.it/AjYoT,2.5,,"theatre, cobb, sinemia",2018-12-20
2018-12-22,First Reformed,2017,https://boxd.it/An3gh,5,Yes,"home, blu-ray",2018-12-21
2018-12-23,What We Do in the Shadows,2014,https://boxd.it/Aq4M5,4,,"home, streaming",2018-12-22
2018-12-26,The Favourite,2018,https://boxd.it/AyYl1,4.5,,"theatre, cobb",2018-12-25
2018-12-28,Spider-Man: Into the Spider-Verse,2018,https://boxd.it/AFm91,4.5,Yes,"theatre, cobb",2018-12-26
2018-12-30,Vice,2018,https://boxd.it/AMyml,2,,"theatre, cobb",2018-12-29
2019-01-01,Roma,2018,https://boxd.it/AWRRR,4.5,,"home, streaming",2018-12-31
2019-01-02,Batman Begins,2005,https://boxd.it/B46HV,3.5,Yes,"home, streaming",2019-01-01
2019-01-04,The Dark Knight,2008,https://boxd.it/Bbk19,4.5,Yes,"home, streaming",2019-01-02
2019-01-09,Green Room,2015,https://boxd.it/BzRWl,3.5,,"apartment, streaming",2019-01-08
2019-01-11,Ben Is Back,2018,https://boxd.it/BJuoP,2.5,,"theatre, regal, butler plaza 14, sinemia",2019-01-10
2019-01-14,Unbreakable,2000,https://boxd.it/BWrbT,4.5,Yes,"apartment, streaming",2019-01-13
2019-01-16,Split,2016,https://boxd.it/C33OB,3,Yes,"apartment, streaming",2019-01-15
2019-01-18,Glass,2019,https://boxd.it/Cawpz,2.5,,"theatre, regal, celebration pointe 10, sinemia",2019-01-17
2019-01-24,The Simpsons Movie,2007,https://boxd.it/CxLCf,2.5,Yes,"apartment, streaming",2019-01-22
2019-01-27,The Favourite,2018,https://boxd.it/CITI3,4.5,Yes,"theatre, regal, butler plaza 14, sinemia",2019-01-26
2019-01-28,A Simple Favor,2018,https://boxd.it/CNJKj,2,,"blu-ray, reitz",2019-01-27
2019-02-03,Searching,2018,https://boxd.it/D87Q1,3.5,Yes,"blu-ray, reitz",2019-02-02
2019-02-04,Velvet Buzzsaw,2019,https://boxd.it/Dc68Z,1.5,,"apartment, streaming",2019-02-03
2019-02-08,They Shall Not Grow Old,2018,https://boxd.it/DoNkX,4,,"theatre, regal, royal park 16, sinemia",2019-02-07
2019-02-11,The Lego Movie 2: The Second Part,2019,https://boxd.it/DzWKR,3,,"theatre, regal, celebration pointe 10",2019-02-10
2019-02-21,The Ballad of Buster Scruggs,2018,https://boxd.it/E7hY7,3.5,,"apartment, streaming",2019-02-20
2019-02-24,Alita: Battle Angel,2019,https://boxd.it/EghwP,2.5,,"theatre, regal, celebration pointe 10, sinemia",2019-02-23
2019-02-25,A Star Is Born,2018,https://boxd.it/EkwGX,3,Yes,"blu-ray, reitz",2019-02-24
2019-02-26,How to Train Your Dragon: The Hidden World,2019,https://boxd.it/Enxld,3,,"theatre, regal, celebration pointe 10, sinemia",2019-02-25
2019-03-05,Climax,2018,https://boxd.it/ELwAp,4,,"home, streaming",2019-03-04
2019-03-07,Zodiac,2007,https://boxd.it/ER3Wt,4.5,,"home, streaming",2019-03-06
2019-03-10,Gloria Bell,2018,https://boxd.it/F04w5,3.5,,"theatre, amc, lincoln square, sinemia",2019-03-09
2019-03-12,Captain Marvel,2019,https://boxd.it/F7Cbf,3,,"theatre, regal, celebration pointe 10, sinemia",2019-03-11
2019-03-17,Green Book,2018,https://boxd.it/Fm4bZ,2.5,Yes,"blu-ray, reitz",2019-03-16
2019-03-17,The Kid,2019,https://boxd.it/Fn2px,2,,"theatre, regal, royal park 16",2019-03-16
2019-03-21,Get Out,2017,https://boxd.it/FzjPL,4.5,Yes,"apartment, blu-ray",2019-03-20
2019-03-22,Us,2019,https://boxd.it/FCmaH,3.5,,"theatre, regal, celebration pointe 10",2019-03-21
2019-03-24,Shazam!,2019,https://boxd.it/FILwF,2.5,,"theatre, regal, celebration pointe 10, advance screening",2019-03-23
2019-03-31,Spider-Man: Into the Spider-Verse,2018,https://boxd.it/G3XpD,4.5,Yes,"blu-ray, reitz",2019-03-30
2019-04-08,The Favourite,2018,https://boxd.it/Gs5Mj,4.5,Yes,"reitz, dvd",2019-04-07
2019-04-11,The Man Who Killed Don Quixote,2018,https://boxd.it/GAvjD,2,,"theatre, regal, butler plaza 14",2019-04-10
2019-04-14,If Beale Street Could Talk,2018,https://boxd.it/GITsF,4,,"reitz, dvd",2019-04-13
2019-04-15,Captain America: The First Avenger,2011,https://boxd.it/GN8Y5,3,Yes,"apartment, streaming",2019-04-15
2019-04-23,The Avengers,2012,https://boxd.it/Hak29,3.5,Yes,"apartment, streaming",2019-04-22
2019-04-24,Avengers: Age of Ultron,2015,https://boxd.it/Hd4Z1,3,Yes,"apartment, streaming",2019-04-23
2019-04-25,Avengers: Infinity War,2018,https://boxd.it/Hg7NX,3.5,Yes,"apartment, streaming",2019-04-24
2019-04-26,Avengers: Endgame,2019,https://boxd.it/HiJtv,3.5,,"theatre, regal, celebration pointe 10",2019-04-25
2019-04-30,Burning,2018,https://boxd.it/Hvsq1,4,,"apartment, streaming",2019-04-29
2019-05-01,The Departed,2006,https://boxd.it/HxtbZ,4.5,,"apartment, streaming",2019-04-30
2019-05-02,Avengers: Endgame,2019,https://boxd.it/HBra9,3.5,Yes,"theatre, regal, celebration pointe 10",2019-05-01
2019-05-11,The Matrix,1999,https://boxd.it/I0iHN,4,,"home, streaming",2019-05-10
2019-05-14,John Wick,2014,https://boxd.it/I9FJl,4,Yes,"other, streaming",2019-05-13
2019-05-14,John Wick: Chapter 2,2017,https://boxd.it/IaeXn,4,Yes,"other, streaming",2019-05-13
2019-05-17,John Wick: Chapter 3 - Parabellum,2019,https://boxd.it/IhIap,4,,"theatre, cobb",2019-05-16
2019-05-18,Burn After Reading,2008,https://boxd.it/IjV8v,3.5,,"home, streaming",2019-05-17
2019-05-21,Barton Fink,1991,https://boxd.it/IuEo9,4.5,,"home, streaming",2019-05-20
2019-05-22,Pokémon Detective Pikachu,2019,https://boxd.it/IxOkn,2.5,,"theatre, cobb",2019-05-21
2019-05-25,Get Out,2017,https://boxd.it/IFShD,4.5,Yes,"other, streaming",2019-05-24
2019-05-26,Gone Girl,2014,https://boxd.it/IIWLX,4,,"other, streaming",2019-05-25
2019-05-31,Ma,2019,https://boxd.it/IZTAr,1.5,,"theatre, cobb, profile",2019-05-30
2019-06-07,Booksmart,2019,https://boxd.it/Jjm7L,2.5,,"theatre, cobb",2019-06-06
2019-06-07,This Is the End,2013,https://boxd.it/JjRYB,2,,"other, streaming",2019-06-06
2019-06-10,Rocketman,2019,https://boxd.it/JuiLz,3.5,,"theatre, cobb",2019-06-09
2019-06-12,Aladdin,2019,https://boxd.it/Jz9cv,2,,"theatre, cobb",2019-06-11
2019-06-14,The Dead Don't Die,2019,https://boxd.it/JFaeJ,3.5,,"theatre, cobb",2019-06-13
2019-06-16,Can You Ever Forgive Me?,2018,https://boxd.it/JMbOR,3.5,,"other, streaming",2019-06-15
2019-06-22,Nightcrawler,2014,https://boxd.it/K3OXH,4,Yes,"canada, streaming",2019-06-21
2019-06-24,Bill & Ted's Excellent Adventure,1989,https://boxd.it/KaLKf,3.5,Yes,"canada, streaming",2019-06-23
2019-06-26,The Texas Chain Saw Massacre,1974,https://boxd.it/KgO4D,3,Yes,"canada, streaming",2019-06-25
2019-06-27,Toy Story 4,2019,https://boxd.it/KjmnX,3,,"canada, theatre",2019-06-26
2019-06-28,Anima,2019,https://boxd.it/KltPN,,,,2019-06-27
2019-06-28,Ralph Breaks the Internet,2018,https://boxd.it/Kluot,2,,"other, streaming",2019-06-27
2019-06-28,Laggies,2014,https://boxd.it/Km5V5,2.5,,"home, streaming",2019-06-27
2019-07-01,The Strange Thing About the Johnsons,2011,https://boxd.it/KuzRX,,Yes,,2019-06-30
2019-07-02,Spider-Man: Far from Home,2019,https://boxd.it/KyLPR,3,,"theatre, cobb",2019-07-02
2019-07-03,Midsommar,2019,https://boxd.it/KB8bT,4,,"theatre, cobb",2019-07-02
2019-07-06,Midsommar,2019,https://boxd.it/KK0Cb,4,Yes,"theatre, cobb",2019-07-05
2019-07-09,Black Swan,2010,https://boxd.it/KTRwN,4.5,,"home, blu-ray",2019-07-08
2019-07-10,Spider-Man: Far from Home,2019,https://boxd.it/KXSnv,3,Yes,"theatre, cobb",2019-07-09
2019-07-13,Hereditary,2018,https://boxd.it/L7wTz,4.5,Yes,"apartment, blu-ray",2019-07-13
2019-07-14,The Last Black Man in San Francisco,2019,https://boxd.it/L9sZH,4,,"theatre, regal, royal park 16",2019-07-13
2019-07-18,Stuber,2019,https://boxd.it/LmZHH,3,,"theatre, cobb",2019-07-17
2019-07-19,A Most Violent Year,2014,https://boxd.it/LpZiN,3,,"home, streaming",2019-07-18
2019-07-21,The Lion King,2019,https://boxd.it/LwJAZ,2,,"theatre, regal, crystal river",2019-07-20
2019-07-24,The Art of Self-Defense,2019,https://boxd.it/LH2yN,3.5,,"theatre, cobb",2019-07-23
2019-07-25,The Hateful Eight,2015,https://boxd.it/LK9Zd,4,Yes,"home, streaming",2019-07-24
2019-07-26,Once Upon a Time… in Hollywood,2019,https://boxd.it/LMtnx,3.5,,"theatre, cobb",2019-07-25
2019-07-28,The Elephant Man,1980,https://boxd.it/LT3kL,4,,"theatre, polk",2019-07-27
2019-07-29,The Alphabet,1969,https://boxd.it/LUQdB,,,,2019-07-28
2019-07-29,8½,1963,https://boxd.it/LWAPN,4,,"theatre, polk",2019-07-28
2019-07-29,Funny Games,1997,https://boxd.it/LXodf,4,,"home, streaming",2019-07-28
2019-08-01,Once Upon a Time… in Hollywood,2019,https://boxd.it/M6ODV,3.5,Yes,"theatre, cobb",2019-07-31
2019-08-05,Top Gun,1986,https://boxd.it/Mk4o9,3,,"theatre, cobb",2019-08-04
2019-08-08,Jackie Brown,1997,https://boxd.it/MtnAr,3.5,,"home, streaming",2019-08-07
2019-08-12,The Beach Bum,2019,https://boxd.it/MGXaZ,3,,"home, streaming",2019-08-11
2019-08-13,Ex Machina,2014,https://boxd.it/MKfQF,4.5,Yes,"home, streaming",2019-08-12
2019-08-16,The Farewell,2019,https://boxd.it/MSuId,4,,"theatre, regal, butler plaza 14, unlimited",2019-08-15
2019-08-17,Blinded by the Light,2019,https://boxd.it/MVRn9,3,,"theatre, regal, butler plaza 14, unlimited",2019-08-16
2019-08-17,Cosmos Laundromat,2015,https://boxd.it/MXu69,,,,2019-08-17
2019-08-18,Invader ZIM: Enter the Florpus,2019,https://boxd.it/N0TJr,,,"apartment, streaming",2019-08-17
2019-08-25,The Peanut Butter Falcon,2019,https://boxd.it/NmQ4T,3,,"theatre, regal, royal park 16, unlimited",2019-08-24
2019-08-26,Ready or Not,2019,https://boxd.it/NqeCV,3,,"theatre, regal, butler plaza 14, unlimited",2019-08-25
2019-09-01,Midsommar,2019,https://boxd.it/NKs07,4,Yes,"theatre, regal, butler plaza 14, unlimited",2019-08-31
2019-09-02,The King of Comedy,1982,https://boxd.it/NNhuL,4.5,,"apartment, streaming",2019-09-01
2019-09-05,It,2017,https://boxd.it/NXN7z,2.5,Yes,"theatre, regal, celebration pointe 10, unlimited",2019-09-04
2019-09-06,It Chapter Two,2019,https://boxd.it/O0wKl,1.5,,"theatre, regal, celebration pointe 10, unlimited",2019-09-05
2019-09-07,The Last Black Man in San Francisco,2019,https://boxd.it/O4fOX,4,Yes,"other, blu-ray",2019-09-06
2019-09-08,Shutter Island,2010,https://boxd.it/O7nQD,4,,"apartment, streaming",2019-09-07
2019-09-14,Memento,2000,https://boxd.it/OqPxH,5,Yes,"other, blu-ray",2019-09-13
2019-09-18,Hustlers,2019,https://boxd.it/OE3mJ,3.5,,"theatre, regal, celebration pointe 10, unlimited",2019-09-17
2019-09-20,Ad Astra,2019,https://boxd.it/OJiNF,3,,"theatre, regal, celebration pointe 10, unlimited",2019-09-19
2019-09-23,John Wick: Chapter 3 - Parabellum,2019,https://boxd.it/OSZtr,4,Yes,"theatre, reitz",2019-09-22
2019-09-30,Mulholland Drive,2001,https://boxd.it/PgnT5,,,"other, blu-ray",2019-09-29
2019-10-04,Joker,2019,https://boxd.it/PsOpl,3,,"theatre, regal, celebration pointe 10, unlimited, profile",2019-10-03
2019-10-12,El Camino: A Breaking Bad Movie,2019,https://boxd.it/PVmN3,3,,"other, streaming",2019-10-11
2019-10-20,High Life,2018,https://boxd.it/QpNbZ,3,,"apartment, streaming",2019-10-19
2019-10-25,Brothers,2015,https://boxd.it/QJ6Nh,,,,2019-10-24
2019-10-28,The Lighthouse,2019,https://boxd.it/QTlLb,4.5,,"theatre, regal, royal park 16, unlimited",2019-10-25
2019-10-29,Scary Stories to Tell in the Dark,2019,https://boxd.it/QXcDv,2,,"theatre, reitz",2019-10-27
2019-10-29,The Lighthouse,2019,https://boxd.it/QYZ3D,4.5,Yes,"theatre, regal, royal park 16, unlimited",2019-10-28
2019-11-01,The Blair Witch Project,1999,https://boxd.it/R9gAp,3,,"theatre, hippodrome",2019-10-31
2019-11-01,Hereditary,2018,https://boxd.it/R9GBX,4.5,Yes,"other, blu-ray",2019-10-31
2019-11-03,Raging Bull,1980,https://boxd.it/Rh4Wz,4,,"apartment, streaming",2019-11-02
2019-11-09,Parasite,2019,https://boxd.it/RDOcB,5,,"theatre, regal, royal park 16, unlimited",2019-11-08
2019-11-11,Doctor Sleep,2019,https://boxd.it/RLBqB,3,,"theatre, cobb",2019-11-10
2019-11-14,Parasite,2019,https://boxd.it/RWSmN,5,Yes,"theatre, regal, royal park 16, unlimited",2019-11-13
2019-11-15,The Witch,2015,https://boxd.it/S0END,4,Yes,"other, streaming",2019-11-14
2019-11-18,Return of the Jedi,1983,https://boxd.it/SaOsZ,3.5,Yes,"other, streaming",2019-11-17
2019-11-20,Jojo Rabbit,2019,https://boxd.it/Sj0L1,2,,"theatre, regal, butler plaza 14, unlimited",2019-11-20
2019-11-22,Ford v Ferrari,2019,https://boxd.it/SpMwP,3,,"theatre, regal, celebration pointe 10, unlimited",2019-11-21
2019-11-23,Knives Out,2019,https://boxd.it/SswEz,4,,"theatre, regal, celebration pointe 10, unlimited",2019-11-22
2019-11-25,Star Wars: The Force Awakens,2015,https://boxd.it/SA8U5,3.5,Yes,"other, streaming",2019-11-24
2019-11-25,Star Wars: The Last Jedi,2017,https://boxd.it/SBnBp,3.5,Yes,"other, streaming",2019-11-24
2019-11-30,The Irishman,2019,https://boxd.it/SU3pB,4.5,,"theatre, polk",2019-11-29
2019-12-01,Mean Streets,1973,https://boxd.it/SYYz7,3.5,,"home, streaming",2019-11-30
2019-12-04,The Florida Project,2017,https://boxd.it/TbTWh,4,Yes,"other, streaming",2019-12-03
2019-12-06,The Report,2019,https://boxd.it/TijUD,3,,"apartment, streaming",2019-12-05
2019-12-07,Honey Boy,2019,https://boxd.it/TkGkd,3.5,,"theatre, regal, royal park 16, unlimited",2019-12-06
2019-12-08,Marriage Story,2019,https://boxd.it/TqSMZ,4,,"apartment, streaming",2019-12-07
2019-12-09,A Beautiful Day in the Neighborhood,2019,https://boxd.it/Tu1Pf,3,,"theatre, regal, celebration pointe 10, unlimited",2019-12-08
2019-12-11,The Meyerowitz Stories (New and Selected),2017,https://boxd.it/TDxdb,4,,"apartment, streaming",2019-12-10
2019-12-12,Akira,1988,https://boxd.it/THclL,4,,"apartment, streaming",2019-12-11
2019-12-16,Richard Jewell,2019,https://boxd.it/TX3rH,2.5,,"theatre, cobb",2019-12-15
2019-12-18,Knives Out,2019,https://boxd.it/U4Wav,4,Yes,"theatre, cobb",2019-12-17
2019-12-20,Star Wars: The Rise of Skywalker,2019,https://boxd.it/UcKK3,2,,"theatre, cobb",2019-12-19
2019-12-26,Uncut Gems,2019,https://boxd.it/UGAdt,4.5,,"theatre, cobb",2019-12-25
2019-12-27,Good Time,2017,https://boxd.it/UMfd5,4.5,Yes,"home, blu-ray",2019-12-26
2020-01-07,Death Proof,2007,https://boxd.it/VWyJj,3,,"apartment, blu-ray",2020-01-06
2020-01-09,Uncut Gems,2019,https://boxd.it/W6heX,4.5,Yes,"theatre, regal, butler plaza 14, unlimited",2020-01-08
2020-01-11,It Comes at Night,2017,https://boxd.it/WhbRV,3.5,Yes,"other, streaming",2020-01-10
2020-01-12,Little Women,2019,https://boxd.it/WmUM7,4,,"theatre, regal, butler plaza 14, unlimited",2020-01-11
2020-01-13,Rosemary's Baby,1968,https://boxd.it/WvVSN,4.5,,"apartment, streaming",2020-01-12
2020-01-16,Uncut Gems,2019,https://boxd.it/WNU3v,4.5,Yes,"theatre, regal, butler plaza 14, unlimited",2020-01-15
2020-01-17,Goldman v Silverman,2020,https://boxd.it/WQFAv,,,,2020-01-16
2020-01-19,1917,2019,https://boxd.it/X27qP,3.5,,"theatre, regal, celebration pointe 10, unlimited",2020-01-18
2020-01-21,The Master,2012,https://boxd.it/Xgn49,4,,"apartment, streaming",2020-01-20
2020-01-24,The Farewell,2019,https://boxd.it/XsvzX,4,Yes,"other, streaming",2020-01-22
2020-02-05,Climax,2018,https://boxd.it/YvCKj,4,Yes,other,2020-02-03
2020-02-09,Birds of Prey (and the Fantabulous Emancipation of One Harley Quinn),2020,https://boxd.it/YSuXv,2,,"theatre, regal, celebration pointe 10, unlimited",2020-02-08
2020-02-11,Parasite,2019,https://boxd.it/Z5pFd,5,Yes,other,2020-02-10
2020-02-13,Uncut Gems,2019,https://boxd.it/ZcMrn,4.5,Yes,"theatre, regal, butler plaza 14, unlimited",2020-02-11
2020-02-13,Portrait of a Lady on Fire,2019,https://boxd.it/ZfHZl,5,,"theatre, regal, royal park 16, unlimited",2020-02-12
2020-02-14,Blue Valentine,2010,https://boxd.it/ZkWfR,4,,"apartment, streaming",2020-02-13
2020-02-16,Water Lilies,2007,https://boxd.it/ZuYWN,3.5,,"apartment, streaming",2020-02-15
2020-02-16,Sonic the Hedgehog,2020,https://boxd.it/Zwihd,2,,"theatre, regal, celebration pointe 10, unlimited",2020-02-15
2020-02-18,Blow-Up,1966,https://boxd.it/ZKAKl,2.5,,"other, dvd",2020-02-17
2020-02-19,Little Women,2019,https://boxd.it/ZN3g9,4,Yes,"theatre, regal, butler plaza 14, unlimited",2020-02-18
2020-02-21,La Haine,1995,https://boxd.it/1009kd,4.5,,"other, streaming",2020-02-20
2020-02-24,First Reformed,2017,https://boxd.it/10cJYx,5,Yes,"other, streaming",2020-02-22
2020-02-24,Funny Games,1997,https://boxd.it/10gAQ3,4,Yes,"apartment, streaming",2020-02-23
2020-02-26,Spring Breakers,2012,https://boxd.it/10ng6j,3.5,Yes,"other, dvd",2020-02-24
2020-02-28,Shoplifters,2018,https://boxd.it/10yTwd,4.5,,"home, streaming",2020-02-27
2020-03-01,The Big Lebowski,1998,https://boxd.it/10IOI9,4.5,Yes,"home, streaming",2020-02-29
2020-03-02,The Invisible Man,2020,https://boxd.it/10PBsL,3.5,,"theatre, cobb",2020-03-01
2020-03-12,Emma.,2020,https://boxd.it/11yHY9,2.5,,"theatre, regal, celebration pointe 10, unlimited",2020-03-11
2020-03-16,Portrait of a Lady on Fire,2019,https://boxd.it/11Tc6H,5,Yes,"theatre, regal, royal park 16, unlimited",2020-03-15
2020-03-17,Misery,1990,https://boxd.it/11YrQP,3.5,,"apartment, streaming",2020-03-16
2020-03-20,Magnolia,1999,https://boxd.it/12fVkD,4,,"apartment, streaming",2020-03-19
2020-03-23,The World's End,2013,https://boxd.it/12x4ID,4,Yes,"home, blu-ray",2020-03-21
2020-03-29,Django Unchained,2012,https://boxd.it/13bvDl,4.5,Yes,"other, streaming",2020-03-27
2020-03-30,The Seventh Seal,1957,https://boxd.it/13q9DX,4.5,,"home, streaming",2020-03-29
2020-04-03,Requiem for a Dream,2000,https://boxd.it/13U5VD,4.5,Yes,"home, blu-ray",2020-04-03
2020-04-05,Dogtooth,2009,https://boxd.it/143x2J,3.5,,"home, streaming",2020-04-04
2020-04-07,The Cabin in the Woods,2011,https://boxd.it/14oamj,2.5,,"home, streaming",2020-04-06
2020-04-11,Under the Silver Lake,2018,https://boxd.it/14SFKh,4,,"other, streaming",2020-04-10
2020-04-13,Mission: Impossible,1996,https://boxd.it/15bd9v,3,Yes,"home, blu-ray",2020-04-12
2020-04-14,Being John Malkovich,1999,https://boxd.it/15jAaH,4,,"other, blu-ray",2020-04-13
2020-04-20,The Lighthouse,2019,https://boxd.it/164tIL,4.5,Yes,"other, streaming",2020-04-18
2020-04-22,Taxi Driver,1976,https://boxd.it/16fRFX,4.5,Yes,"other, streaming",2020-04-20
2020-04-25,Silence,2016,https://boxd.it/16CJXv,4.5,Yes,"home, streaming",2020-04-23
2020-04-26,Bringing Out the Dead,1999,https://boxd.it/16JMlX,3,,"other, streaming",2020-04-24
2020-04-29,Blade Runner,1982,https://boxd.it/178juh,4.5,Yes,"other, blu-ray",2020-04-27
2020-04-30,Blade Runner 2049,2017,https://boxd.it/17dRrh,4.5,Yes,"other, blu-ray",2020-04-28
2020-05-07,The Piano Teacher,2001,https://boxd.it/185hXz,4,,"home, streaming",2020-05-05
2020-05-11,Gerald's Game,2017,https://boxd.it/18Bsp3,2.5,,"home, streaming",2020-05-10
2020-05-12,Unbreakable,2000,https://boxd.it/18IcQV,4.5,Yes,"home, streaming",2020-05-10
2020-05-12,Inside Llewyn Davis,2013,https://boxd.it/18M7Uh,4.5,,"home, streaming",2020-05-12
2020-05-14,The Grand Budapest Hotel,2014,https://boxd.it/18VTGZ,4,,"home, streaming",2020-05-13
2020-05-15,Rope,1948,https://boxd.it/191L9Z,3.5,,"home, streaming",2020-05-14
2020-05-16,The Nice Guys,2016,https://boxd.it/19cU63,3.5,,"home, streaming",2020-05-16
2020-05-18,The Death of Dick Long,2019,https://boxd.it/19svVx,3,,"home, streaming",2020-05-18
2020-05-20,(500) Days of Summer,2009,https://boxd.it/19BIFF,3,,"other, streaming",2020-05-18
2020-05-20,Taste of Cherry,1997,https://boxd.it/19BJ2T,4,,"home, streaming",2020-05-19
2020-05-22,Children of Men,2006,https://boxd.it/19PaAT,4.5,,"home, streaming",2020-05-21
2020-05-27,The Invitation,2015,https://boxd.it/1aquYv,3,,"home, streaming",2020-05-25
2020-05-31,Before Sunrise,1995,https://boxd.it/1aT4xB,4.5,,"apartment, blu-ray",2020-05-30
2020-06-02,Before Sunset,2004,https://boxd.it/1b4xin,4.5,,"apartment, blu-ray",2020-05-30
2020-06-03,Before Midnight,2013,https://boxd.it/1bcgz3,4.5,,"apartment, blu-ray",2020-05-31
2020-06-04,The Wind Rises,2013,https://boxd.it/1biFTz,4,,,2020-06-03
2020-06-07,Kubo and the Two Strings,2016,https://boxd.it/1bCRkV,3.5,,"home, streaming",2020-06-05
2020-06-09,13th,2016,https://boxd.it/1bPo4v,,,"home, streaming",2020-06-06
2020-06-11,In the Mood for Love,2000,https://boxd.it/1c22Nf,5,Yes,"home, streaming",2020-06-09
2020-06-12,Twin Peaks,1989,https://boxd.it/1c7WXZ,,,"home, streaming",2020-06-10
2020-06-12,The Handmaiden,2016,https://boxd.it/1ca5dv,4,,"home, streaming",2020-06-11
2020-06-14,Da 5 Bloods,2020,https://boxd.it/1cldCl,4,,"home, streaming",2020-06-12
2020-06-16,Twin Peaks: Fire Walk with Me,1992,https://boxd.it/1czLwf,4.5,,"home, streaming",2020-06-14
2020-06-17,Do the Right Thing,1989,https://boxd.it/1cFXOn,5,Yes,"other, blu-ray",2020-06-15
2020-06-18,Pariah,2011,https://boxd.it/1cMlMH,4.5,Yes,"home, streaming",2020-06-16
2020-06-21,Moonlight,2016,https://boxd.it/1d3P5d,5,Yes,"home, streaming",2020-06-18
2020-06-22,Twin Peaks: The Missing Pieces,2014,https://boxd.it/1ddsNV,,,"home, streaming",2020-06-19
2020-07-02,Twin Peaks: The Return,2017,https://boxd.it/1eahV3,,,"apartment, streaming",2020-06-30
2020-07-03,Her,2013,https://boxd.it/1efpMN,4.5,Yes,"apartment, streaming",2020-07-01
2020-07-04,The Florida Project,2017,https://boxd.it/1emiPz,4.5,Yes,"apartment, streaming",2020-07-01
2020-07-05,Blue Velvet,1986,https://boxd.it/1eszUj,3.5,,"apartment, streaming",2020-07-02
2020-07-05,Road Trip,2000,https://boxd.it/1etVg3,1,,"home, streaming",2020-07-04
2020-07-06,WHAT DID JACK DO?,2017,https://boxd.it/1ez0xN,,,"home, streaming",2020-07-05
2020-07-10,Eraserhead,1977,https://boxd.it/1f0KeL,4.5,,"home, streaming",2020-07-09
2020-07-18,Palm Springs,2020,https://boxd.it/1fU9d9,3.5,,"home, streaming",2020-07-17
2020-07-21,Shirley,2020,https://boxd.it/1gcmlr,4,,"home, streaming",2020-07-20
2020-07-23,20th Century Women,2016,https://boxd.it/1glTcb,4,,"home, streaming",2020-07-21
2020-07-25,Cam,2018,https://boxd.it/1gCIHV,2,,"home, streaming",2020-07-25
2020-07-29,Mulholland Drive,2001,https://boxd.it/1h1VoR,4.5,Yes,"other, blu-ray",2020-07-28
2020-07-30,Assassination Nation,2018,https://boxd.it/1h9xtJ,2.5,Yes,"home, streaming",2020-07-30
2020-08-01,There Will Be Blood,2007,https://boxd.it/1hhrDJ,5,Yes,"home, streaming",2020-07-30
2020-08-03,The Evil Dead,1981,https://boxd.it/1huJAf,3.5,,,2020-08-02
2020-08-04,Eraserhead,1977,https://boxd.it/1hEz5h,4.5,Yes,"other, blu-ray",2020-08-02
2020-08-09,The Truman Show,1998,https://boxd.it/1i5Amx,4.5,Yes,"home, streaming",2020-08-06
2020-08-11,The Babysitter,2017,https://boxd.it/1ioX1l,1,,"home, streaming",2020-08-11
2020-08-13,Twin Peaks: Fire Walk with Me,1992,https://boxd.it/1iyHL3,5,Yes,"home, blu-ray",2020-08-11
2020-08-25,Spirited Away,2001,https://boxd.it/1jLe2N,4.5,,"other, streaming",2020-08-21
2020-08-26,Them That Follow,2019,https://boxd.it/1jSrUn,2.5,,"apartment, streaming",2020-08-24
2020-08-27,At Eternity's Gate,2018,https://boxd.it/1jYFZt,3.5,,"apartment, streaming",2020-08-26
2020-08-29,Bill & Ted's Excellent Adventure,1989,https://boxd.it/1kcRxT,3.5,Yes,"other, streaming",2020-08-26
2020-08-30,Twin Peaks: Fire Walk with Me,1992,https://boxd.it/1khk5x,5,Yes,"other, blu-ray",2020-08-27
2020-09-02,Candyman,1992,https://boxd.it/1kEyNT,3.5,,"other, streaming",2020-08-28
2020-09-02,Tenet,2020,https://boxd.it/1kHjpt,3,,"theatre, regal, celebration pointe 10, unlimited",2020-09-01
2020-09-04,The Immigrant,1917,https://boxd.it/1kSWN7,,,,2020-09-03
2020-09-04,The Boat,1921,https://boxd.it/1kSX0b,,,,2020-09-03
2020-09-04,A Woman,1915,https://boxd.it/1kSX5v,,,,2020-09-03
2020-09-05,Whiplash,2014,https://boxd.it/1kYRaV,5,Yes,"other, streaming",2020-09-04
2020-09-08,"Synecdoche, New York",2008,https://boxd.it/1lgSqV,,,"apartment, streaming",2020-09-06
2020-09-13,The Story of a Cheat,1936,https://boxd.it/1lLVsn,4,,"other, streaming",2020-09-10
2020-09-14,I'm Thinking of Ending Things,2020,https://boxd.it/1lYWDx,,,"other, streaming",2020-09-11
2020-09-15,Bill & Ted's Bogus Journey,1991,https://boxd.it/1m1fBf,4,Yes,"other, streaming",2020-09-12
2020-09-16,The New Mutants,2020,https://boxd.it/1m8sTv,2,,"theatre, regal, celebration pointe 10, unlimited",2020-09-15
2020-09-17,Drive,2011,https://boxd.it/1mcNYf,4.5,Yes,"apartment, streaming",2020-09-15
2020-09-18,The Personal History of David Copperfield,2019,https://boxd.it/1mlYgV,2.5,,"theatre, regal, butler plaza 14, unlimited",2020-09-17
2020-09-21,The Exorcist,1973,https://boxd.it/1mGPPz,4,,"apartment, streaming",2020-09-20
2020-09-22,The Fountain,2006,https://boxd.it/1mLwSf,3,,"apartment, streaming",2020-09-21
2020-09-24,Four Bags Full,1956,https://boxd.it/1mW1bB,3,,"apartment, streaming",2020-09-21
2020-09-26,Don't Look Now: We're Being Shot At,1966,https://boxd.it/1n6HuZ,4,,"apartment, streaming",2020-09-25
2020-10-03,Bill & Ted Face the Music,2020,https://boxd.it/1nNYIl,2.5,,"other, streaming",2020-09-29
2020-10-08,Monsieur Hulot's Holiday,1953,https://boxd.it/1on2zn,3.5,,"apartment, streaming",2020-10-02
2020-10-08,The Purge,2013,https://boxd.it/1on3sR,1,,"apartment, streaming",2020-10-07
2020-10-09,Borat: Cultural Learnings of America for Make Benefit Glorious Nation of Kazakhstan,2006,https://boxd.it/1otrHN,3.5,,"apartment, streaming",2020-10-07
2020-10-10,The Mad Adventures of Rabbi Jacob,1973,https://boxd.it/1oB2yH,3.5,,"apartment, streaming",2020-10-09
2020-10-13,Killer Klowns from Outer Space,1988,https://boxd.it/1oXIbp,3.5,Yes,"other, streaming",2020-10-11
2020-10-14,Eraserhead,1977,https://boxd.it/1p5WtD,4.5,Yes,"other, blu-ray",2020-10-13
2020-10-17,The African Doctor,2016,https://boxd.it/1pjL5j,2.5,,"apartment, streaming",2020-10-16
2020-10-18,Little Shop of Horrors,1986,https://boxd.it/1pqG2j,4,Yes,"other, streaming",2020-10-16
2020-10-22,The Thing,1982,https://boxd.it/1pUIdX,4,,"other, streaming",2020-10-19
2020-10-25,Little Shop of Horrors,1986,https://boxd.it/1qgnJx,4.5,Yes,"home, streaming",2020-10-22
2020-10-24,La Cage aux Folles,1978,https://boxd.it/1q8ofH,3,,"home, streaming",2020-10-23
2020-10-24,The Texas Chain Saw Massacre,1974,https://boxd.it/1qa65N,4,Yes,"home, streaming",2020-10-24
2020-10-27,Borat Subsequent Moviefilm,2020,https://boxd.it/1qxdwH,3.5,,"other, streaming",2020-10-26
2020-10-29,Boys State,2020,https://boxd.it/1qLynT,4,,"apartment, streaming",2020-10-28
2020-10-31,Slack Bay,2016,https://boxd.it/1qVM9L,2.5,,"apartment, streaming",2020-10-30
2020-11-03,Mulholland Drive,2001,https://boxd.it/1rmcbb,5,Yes,"theatre, enzian",2020-11-01
2020-11-04,Twin Peaks: Fire Walk with Me,1992,https://boxd.it/1rrDrP,5,Yes,"theatre, enzian",2020-11-01
2020-11-05,Blood Simple,1984,https://boxd.it/1rwYPD,4,,"apartment, streaming",2020-11-02
2020-11-07,2 Days in Paris,2007,https://boxd.it/1rIdct,3.5,,"other, streaming",2020-11-05
2020-11-12,"Paris, Texas",1984,https://boxd.it/1sgOhD,4,,"apartment, streaming",2020-11-09
2020-11-15,The King of Comedy,1982,https://boxd.it/1suW1B,4.5,Yes,"apartment, streaming",2020-11-11
2020-11-17,Taxi Driver,1976,https://boxd.it/1sJi9b,4.5,Yes,"apartment, blu-ray",2020-11-12
2020-11-21,French Twist,1995,https://boxd.it/1t5EL1,2.5,,"apartment, streaming",2020-11-13
2020-11-20,After Hours,1985,https://boxd.it/1sZqcJ,4,,"apartment, streaming",2020-11-16
2020-11-22,Uncut Gems,2019,https://boxd.it/1tfuBb,4.5,Yes,"apartment, streaming",2020-11-17
2020-11-21,Family Resemblances,1996,https://boxd.it/1t5ERj,3,,"apartment, streaming",2020-11-20
2020-11-24,Come and See,1985,https://boxd.it/1tqUkR,5,,"apartment, streaming",2020-11-22
2020-11-27,Twelve Monkeys,1995,https://boxd.it/1tJJyV,3.5,,"home, streaming",2020-11-25
2020-11-28,Dog Day Afternoon,1975,https://boxd.it/1tQA5p,4.5,,"home, streaming",2020-11-26
2020-11-30,An American Werewolf in London,1981,https://boxd.it/1u6Qnh,4,,"home, streaming",2020-11-29
2020-11-30,Persona,1966,https://boxd.it/1ubVPP,5,,"other, streaming",2020-11-29
2020-12-01,Welcome to the Sticks,2008,https://boxd.it/1uiZy3,3,,"home, streaming",2020-11-30
2020-12-04,OPAL,2020,https://boxd.it/1uzjxL,,,,2020-12-03
2020-12-05,He Even Has Your Eyes,2016,https://boxd.it/1uEaMx,2.5,,"apartment, streaming",2020-12-04
2020-12-05,Evil Dead II,1987,https://boxd.it/1uGUpt,2.5,,"other, streaming",2020-12-04
2020-12-05,OPAL,2020,https://boxd.it/1uHy7T,,Yes,,2020-12-04
2020-12-13,Cape Fear,1991,https://boxd.it/1vzPWH,3.5,,"apartment, streaming",2020-12-08
2020-12-20,"They Shoot Horses, Don't They?",1969,https://boxd.it/1wnwmb,4.5,,"home, streaming",2020-12-18
2020-12-22,Shrek,2001,https://boxd.it/1wD3CL,4,Yes,"home, streaming",2020-12-19
2020-12-23,Lost Highway,1997,https://boxd.it/1wLb7d,4,,"home, streaming",2020-12-20
2020-12-24,Hot Fuzz,2007,https://boxd.it/1wUFcv,4,Yes,"other, streaming",2020-12-22
2020-12-27,The Wolf of Wall Street,2013,https://boxd.it/1xmAYv,4.5,,"theatre, polk",2020-12-26
2021-01-01,2001: A Space Odyssey,1968,https://boxd.it/1yfHXp,5,Yes,"theatre, polk",2020-12-29
2021-01-02,Inland Empire,2006,https://boxd.it/1yrp6V,,,"other, blu-ray",2021-01-01
2021-01-04,Soul,2020,https://boxd.it/1yVWGH,3.5,,"other, streaming",2021-01-01
2021-01-06,My Dinner with Andre,1981,https://boxd.it/1zclXl,5,,"home, streaming",2021-01-05
2021-01-08,Promising Young Woman,2020,https://boxd.it/1zvkJl,3,,"theatre, cobb",2021-01-06
2021-01-13,Grave of the Fireflies,1988,https://boxd.it/1AfQcF,4,,"home, streaming",2021-01-07
2021-01-20,Sound of Metal,2019,https://boxd.it/1BoC53,4,,"apartment, streaming",2021-01-18
2021-01-23,Lost in Translation,2003,https://boxd.it/1BL6WP,3.5,,"apartment, streaming",2021-01-21
2021-01-24,Boogie Nights,1997,https://boxd.it/1BU8XD,4,,"apartment, streaming",2021-01-22
2021-01-27,The Big Lebowski,1998,https://boxd.it/1CmyOt,5,Yes,"other, streaming",2021-01-25
2021-01-30,Hellraiser,1987,https://boxd.it/1CIoF1,3,,"apartment, streaming",2021-01-28
2021-02-02,The Elephant Man,1980,https://boxd.it/1DfVtj,4.5,Yes,"other, blu-ray",2021-01-31
2021-02-02,Donnie Darko,2001,https://boxd.it/1Dj6MR,3.5,Yes,"other, streaming",2021-02-01
2021-02-10,Prisoners of the Ghostland,2021,https://boxd.it/1EpVsp,3,,"apartment, streaming",2021-02-02
2021-02-13,The Straight Story,1999,https://boxd.it/1EH8T3,4,,"apartment, streaming",2021-02-11
2021-02-14,Judas and the Black Messiah,2021,https://boxd.it/1EQLyV,4,,"other, streaming",2021-02-12
2021-02-16,A Goofy Movie,1995,https://boxd.it/1FcHNB,3.5,Yes,"other, streaming",2021-02-14
2021-02-17,Casino,1995,https://boxd.it/1Fm14f,4,,"apartment, streaming",2021-02-15
2021-02-20,The Fly,1986,https://boxd.it/1FLtKt,4,,"apartment, streaming",2021-02-18
2021-02-24,Mad Max: Fury Road,2015,https://boxd.it/1Gn8mB,4.5,Yes,"theatre, hippodrome",2021-02-21
2021-02-27,Monster,2003,https://boxd.it/1GKDyf,3,,"other, streaming",2021-02-21
2021-03-02,Upgrade,2018,https://boxd.it/1HaFQx,3.5,,"apartment, streaming",2021-02-25
2021-03-03,Wild at Heart,1990,https://boxd.it/1HiNUN,4,,"other, streaming",2021-02-28
2021-03-09,Showgirls,1995,https://boxd.it/1Ibl2N,,,"other, streaming",2021-03-07
2021-03-11,Waves,2019,https://boxd.it/1Iq9ex,3,,"other, streaming",2021-03-08
2021-03-20,Batman v Superman: Dawn of Justice,2016,https://boxd.it/1JxZen,3,Yes,"apartment, streaming",2021-03-18
2021-03-24,Zack Snyder's Justice League,2021,https://boxd.it/1K6RsV,3,,"other, streaming",2021-03-19
2021-03-29,Training Day,2001,https://boxd.it/1KPXa9,4,,"apartment, streaming",2021-03-25
2021-03-31,Lost Highway,1997,https://boxd.it/1L4vif,4.5,Yes,"other, streaming",2021-03-27
2021-04-01,Blue Velvet,1986,https://boxd.it/1LcK5r,4,Yes,"theatre, hippodrome",2021-03-28
2021-04-10,Mulholland Drive,2001,https://boxd.it/1MvlIb,5,Yes,"apartment, blu-ray",2021-04-06
2021-04-17,Minari,2020,https://boxd.it/1NybKr,4,,"other, streaming",2021-04-08
2021-04-18,Bad Trip,2021,https://boxd.it/1NGliX,3,,"other, streaming",2021-04-14
2021-04-21,School of Rock,2003,https://boxd.it/1Oev7D,4,,"apartment, streaming",2021-04-19
2021-04-28,Re-Animator,1985,https://boxd.it/1PgLlp,3.5,,"apartment, streaming",2021-04-23
2021-05-04,Nobody,2021,https://boxd.it/1Q2yKR,3,,"theatre, regal, celebration pointe 10",2021-04-26
2021-05-06,Nomadland,2020,https://boxd.it/1QhQIp,3.5,,"theatre, regal, butler plaza 14",2021-05-03
2021-05-11,The Skin I Live In,2011,https://boxd.it/1R0Cnx,3.5,,"apartment, streaming",2021-05-04
2021-05-16,Saint Maud,2019,https://boxd.it/1RDjTd,3.5,,"apartment, streaming",2021-05-14
2021-05-22,Mortal Kombat,2021,https://boxd.it/1Sr5B5,1.5,,"theatre, regal, celebration pointe 10",2021-05-15
2021-05-21,Saint Maud,2019,https://boxd.it/1SfMef,4,Yes,"other, streaming",2021-05-19
2021-06-02,The Doom Generation,1995,https://boxd.it/1TTpBT,3,,"other, streaming",2021-05-26
2021-06-03,Bo Burnham: Inside,2021,https://boxd.it/1U0epL,,,"other, streaming",2021-06-01
2021-06-13,Stalker,1979,https://boxd.it/1ViDcn,,,"other, dvd",2021-06-07
2021-06-14,Raw,2016,https://boxd.it/1VxhIr,4,Yes,"other, dvd",2021-06-11
2021-06-20,Bad Trip,2021,https://boxd.it/1WeEjl,3,Yes,"other, streaming",2021-06-18
2021-06-23,A Quiet Place,2018,https://boxd.it/1WCJ7R,3,Yes,"home, streaming",2021-06-19
2021-06-25,A Quiet Place Part II,2020,https://boxd.it/1WQZIx,3,,"theatre, cobb",2021-06-19
2021-06-30,Cruella,2021,https://boxd.it/1Xxttr,2.5,,"theatre, regal, celebration pointe 10",2021-06-22
2021-07-01,Zola,2020,https://boxd.it/1XAY1T,3.5,,"theatre, regal, butler plaza 14",2021-06-29
2021-08-03,Caddyshack,1980,https://boxd.it/22v0mH,3.5,,"theatre, polk",2021-07-04
2021-07-13,Black Widow,2021,https://boxd.it/1ZpVtB,2,,"theatre, regal, celebration pointe 10",2021-07-12
2021-07-16,Pig,2021,https://boxd.it/1ZQPHh,4,,"theatre, regal, butler plaza 14",2021-07-15
2021-07-25,Old,2021,https://boxd.it/21f43D,2.5,,"theatre, cobb",2021-07-23
2021-07-28,El Camino: A Breaking Bad Movie,2019,https://boxd.it/21CJgp,3,Yes,"home, streaming",2021-07-24
2021-08-01,The Green Knight,2021,https://boxd.it/22aAR5,4,,"theatre, regal, butler plaza 14",2021-07-29
2021-08-09,Dumb and Dumber,1994,https://boxd.it/23tfhn,4,Yes,"other, streaming",2021-08-06
2021-08-16,The Suicide Squad,2021,https://boxd.it/24o787,3.5,,"theatre, regal, celebration pointe 10",2021-08-14
2021-08-18,Happy Together,1997,https://boxd.it/24KfVb,4,,"other, streaming",2021-08-15
2021-08-21,Old,2021,https://boxd.it/258JBD,2.5,Yes,"theatre, regal, celebration pointe 10",2021-08-18
2021-08-23,Help!,1965,https://boxd.it/25t4Mx,4,,"other, blu-ray",2021-08-19
2021-08-28,Candyman,2021,https://boxd.it/265FFf,3.5,,"theatre, regal, celebration pointe 10",2021-08-26
2021-09-08,Hoodwinked!,2005,https://boxd.it/27IZUB,3.5,Yes,"other, streaming",2021-09-04
2021-09-10,The Card Counter,2021,https://boxd.it/280ofx,3.5,,"theatre, regal, butler plaza 14",2021-09-09
2021-09-13,Shang-Chi and the Legend of the Ten Rings,2021,https://boxd.it/28n4S1,3,,"theatre, regal, celebration pointe 10",2021-09-11
2021-09-27,The Card Counter,2021,https://boxd.it/2ai7eh,3.5,Yes,"theatre, regal, butler plaza 14",2021-09-23
2021-10-02,Venom: Let There Be Carnage,2021,https://boxd.it/2aQIYJ,2.5,,"theatre, regal, celebration pointe 10",2021-09-30
2021-10-03,Titane,2021,https://boxd.it/2b5SrZ,4,,"theatre, hippodrome",2021-10-02
2021-10-13,Halloween,1978,https://boxd.it/2czJH9,3.5,Yes,"other, streaming",2021-10-11
2021-10-15,Halloween,2018,https://boxd.it/2cU5zr,3,Yes,"other, streaming",2021-10-12
2021-10-15,Halloween Kills,2021,https://boxd.it/2cW2FZ,2,,"theatre, regal, celebration pointe 10",2021-10-14
2021-10-19,Mulholland Drive,2001,https://boxd.it/2dCY4L,5,Yes,"theatre, ifc center",2021-10-17
2021-10-22,Dune,1984,https://boxd.it/2e13Fb,2.5,,"other, streaming",2021-10-20
2021-10-23,Dune,2021,https://boxd.it/2e4LIp,3.5,,"theatre, regal, celebration pointe 10",2021-10-21
2021-10-26,A Nightmare on Elm Street,1984,https://boxd.it/2eEh1x,3.5,,"other, streaming",2021-10-24
2021-10-27,The Texas Chain Saw Massacre,1974,https://boxd.it/2ePfGl,4.5,Yes,"other, streaming",2021-10-24
2021-10-28,Lamb,2021,https://boxd.it/2eX2dr,3,,"theatre, regal, butler plaza 14",2021-10-26
2021-10-29,The Rocky Horror Picture Show,1975,https://boxd.it/2f2RPL,,,highdive,2021-10-27
2021-11-03,Last Night in Soho,2021,https://boxd.it/2fWqZr,2.5,,"theatre, regal, celebration pointe 10",2021-10-28
2021-11-06,The French Dispatch,2021,https://boxd.it/2glAJN,4,,"theatre, regal, butler plaza 14",2021-11-04
2021-11-09,The French Dispatch,2021,https://boxd.it/2gRsln,4.5,Yes,"theatre, regal, butler plaza 14",2021-11-07
2021-11-14,Spencer,2021,https://boxd.it/2hAS0l,3.5,,"theatre, regal, butler plaza 14",2021-11-11
