Date,Name,Year,Letterboxd URI,Rating
2016-05-13,The Incredible Hulk,2008,https://boxd.it/28dU,2.5
2016-05-14,Iron Man 2,2010,https://boxd.it/1WZM,2.5
2016-05-14,The Empire Strikes Back,1980,https://boxd.it/27Vw,5
2016-05-15,Bill & Ted's Excellent Adventure,1989,https://boxd.it/28oI,3.5
2016-05-17,The Terminator,1984,https://boxd.it/2aQY,4
2016-05-18,Captain America: The Winter Soldier,2014,https://boxd.it/3r58,4
2016-05-18,Guardians of the Galaxy,2014,https://boxd.it/3VH2,4
2016-05-18,The Shining,1980,https://boxd.it/29Nu,5
2016-05-18,Boyhood,2014,https://boxd.it/3178,4.5
2016-05-23,Batman,1989,https://boxd.it/2aIU,3
2016-06-03,The Babadook,2014,https://boxd.it/77xu,3.5
2016-06-04,Good Will Hunting,1997,https://boxd.it/2ahY,4.5
2016-06-09,Jurassic Park,1993,https://boxd.it/2aA2,4
2016-06-11,Eternal Sunshine of the Spotless Mind,2004,https://boxd.it/6YK,5
2016-06-12,Pleasantville,1998,https://boxd.it/26uY,4
2016-06-12,Now You See Me 2,2016,https://boxd.it/99fw,2.5
2016-06-16,Into the Wild,2007,https://boxd.it/22m2,4.5
2016-06-18,Finding Nemo,2003,https://boxd.it/72i,4
2016-06-18,WALL·E,2008,https://boxd.it/1VEo,4
2016-06-21,Inglourious Basterds,2009,https://boxd.it/1JzG,4.5
2016-06-30,Batman Returns,1992,https://boxd.it/2awa,3.5
2016-06-30,Star Wars,1977,https://boxd.it/72s,4.5
2016-07-03,Meet the Parents,2000,https://boxd.it/28vE,3
2016-07-05,Cast Away,2000,https://boxd.it/20i8,4
2016-07-11,Citizen Kane,1941,https://boxd.it/71O,5
2016-07-20,Hush,2016,https://boxd.it/d5ys,3.5
2016-07-21,Galaxy Quest,1999,https://boxd.it/29gq,3.5
2016-07-25,The Running Man,1987,https://boxd.it/29q6,3
2016-08-01,Hot Fuzz,2007,https://boxd.it/2416,4
2016-08-01,The Usual Suspects,1995,https://boxd.it/29XE,3.5
2016-08-04,The Secret Life of Pets,2016,https://boxd.it/aJ5E,2.5
2016-08-22,Man of Steel,2013,https://boxd.it/FRk,3.5
2016-09-04,No Country for Old Men,2007,https://boxd.it/21ew,5
2016-09-25,Interstellar,2014,https://boxd.it/4VZ8,4
2016-10-06,Deepwater Horizon,2016,https://boxd.it/9oiU,3.5
2016-11-04,Doctor Strange,2016,https://boxd.it/8MH8,3.5
2016-11-04,Iron Man,2008,https://boxd.it/28dA,3.5
2016-11-20,Casino Royale,2006,https://boxd.it/1alk,4
2016-11-20,Sleepy Hollow,1999,https://boxd.it/26u0,3
2016-11-23,Moonlight,2016,https://boxd.it/d6bE,5
2016-11-30,Fight Club,1999,https://boxd.it/2a9q,5
2016-12-02,Birdman or (The Unexpected Virtue of Ignorance),2014,https://boxd.it/5RFA,5
2016-12-03,The Silence of the Lambs,1991,https://boxd.it/2aHW,5
2016-12-12,Bad Moms,2016,https://boxd.it/d5nk,1
2016-12-21,Nocturnal Animals,2016,https://boxd.it/bkFu,4.5
2016-12-28,Why Him?,2016,https://boxd.it/c3Wq,2
2017-01-05,Office Christmas Party,2016,https://boxd.it/dpj8,1.5
2017-01-07,What's Eating Gilbert Grape,1993,https://boxd.it/28xg,4
2017-01-08,La La Land,2016,https://boxd.it/a5fa,5
2017-01-10,Ben-Hur,2016,https://boxd.it/8c24,2
2017-01-16,Whiplash,2014,https://boxd.it/7bQA,5
2017-01-22,The Sixth Sense,1999,https://boxd.it/29Js,4.5
2017-02-11,The Lego Movie,2014,https://boxd.it/4pDO,4
2017-02-19,Oldboy,2003,https://boxd.it/29R2,5
2017-02-26,Get Out,2017,https://boxd.it/eOCm,4.5
2017-04-12,The Assignment,2016,https://boxd.it/dZrM,0.5
2017-04-15,Gifted,2017,https://boxd.it/e5dG,3.5
2017-04-16,One Flew Over the Cuckoo's Nest,1975,https://boxd.it/2aeA,5
2017-04-28,King Arthur: Legend of the Sword,2017,https://boxd.it/8lDS,1
2017-05-02,The Martian,2015,https://boxd.it/8SeG,3.5
2017-05-05,Super,2010,https://boxd.it/QgO,3
2017-05-05,Iron Man 3,2013,https://boxd.it/2cBQ,3
2017-05-07,Megamind,2010,https://boxd.it/16Sk,3.5
2017-05-12,Ghostbusters,2016,https://boxd.it/Vm8,2.5
2017-05-12,Kung Fu Panda 3,2016,https://boxd.it/4uRQ,2.5
2017-05-12,Captain America: Civil War,2016,https://boxd.it/89Ja,3
2017-05-12,Memento,2000,https://boxd.it/2bcK,5
2017-05-28,John Wick,2014,https://boxd.it/7dEc,4
2017-05-30,The Angry Birds Movie,2016,https://boxd.it/4PBu,2
2017-05-30,John Wick: Chapter 2,2017,https://boxd.it/ayGu,4
2017-05-31,Watchmen,2009,https://boxd.it/1QE4,4
2017-06-02,Toy Story 2,1999,https://boxd.it/29qq,4.5
2017-06-02,Monsters University,2013,https://boxd.it/bQm,3.5
2017-06-02,Inside Out,2015,https://boxd.it/4KHC,3
2017-06-02,Brave,2012,https://boxd.it/bVG,2
2017-06-02,Cars 2,2011,https://boxd.it/H4Y,1.5
2017-06-02,Wonder Woman,2017,https://boxd.it/9roG,2.5
2017-06-03,Rosencrantz & Guildenstern Are Dead,1990,https://boxd.it/1FXE,3.5
2017-06-03,The General,1926,https://boxd.it/29co,4.5
2017-06-06,The Do-Over,2016,https://boxd.it/dA2C,0.5
2017-06-06,Trainspotting,1996,https://boxd.it/29XY,4.5
2017-06-07,The Interview,2014,https://boxd.it/6KQ4,2
2017-06-08,Moonrise Kingdom,2012,https://boxd.it/2Wng,4.5
2017-06-08,The Jungle Book,2016,https://boxd.it/8wjk,3.5
2017-06-08,Don't Breathe,2016,https://boxd.it/9yzw,3.5
2017-06-08,Sausage Party,2016,https://boxd.it/6CCe,2.5
2017-06-08,Maggie,2015,https://boxd.it/8Vfi,2.5
2017-06-08,Superbad,2007,https://boxd.it/20hO,3.5
2017-06-08,Beverly Hills Cop,1984,https://boxd.it/2baE,3.5
2017-06-08,Children of the Corn,1984,https://boxd.it/1ViW,2
2017-06-09,The Mummy,2017,https://boxd.it/8HnW,1.5
2017-06-10,Captain Underpants: The First Epic Movie,2017,https://boxd.it/8312,3
2017-06-10,Shimmer Lake,2017,https://boxd.it/gm1c,3
2017-06-13,Anomalisa,2015,https://boxd.it/97TE,4.5
2017-06-13,Coraline,2009,https://boxd.it/1NhQ,4
2017-06-16,The Lobster,2015,https://boxd.it/7tnw,4.5
2017-06-17,My Life as a Zucchini,2016,https://boxd.it/dL2y,4
2017-06-17,Star Wars: Episode III - Revenge of the Sith,2005,https://boxd.it/27US,3
2017-06-17,Star Wars: Episode II - Attack of the Clones,2002,https://boxd.it/27V2,1.5
2017-06-17,Short Term 12,2013,https://boxd.it/5f6s,4.5
2017-06-17,Popstar: Never Stop Never Stopping,2016,https://boxd.it/blDa,3.5
2017-06-17,The Fundamentals of Caring,2016,https://boxd.it/aiai,3.5
2017-06-17,Krisha,2015,https://boxd.it/ax4E,4.5
2017-06-18,Ratatouille,2007,https://boxd.it/27ww,4
2017-06-18,"Monsters, Inc.",2001,https://boxd.it/2a46,4.5
2017-06-18,Toy Story,1995,https://boxd.it/29qA,4.5
2017-06-18,Toy Story 3,2010,https://boxd.it/1WRe,3.5
2017-06-18,Fences,2016,https://boxd.it/dL6A,4
2017-06-21,Star Wars: Episode I - The Phantom Menace,1999,https://boxd.it/27Vc,2.5
2017-06-22,Heavyweights,1995,https://boxd.it/1NjW,2
2017-06-24,Wakefield,2016,https://boxd.it/cPfk,2
2017-06-25,Scott Pilgrim vs. the World,2010,https://boxd.it/1Aq6,4.5
2017-06-27,Shaun of the Dead,2004,https://boxd.it/29J8,4.5
2017-06-27,Jason Bourne,2016,https://boxd.it/ayYy,2.5
2017-07-12,Rise of the Planet of the Apes,2011,https://boxd.it/cS4,3.5
2017-07-16,The Big Sick,2017,https://boxd.it/eHvy,4
2017-07-16,War for the Planet of the Apes,2017,https://boxd.it/8FE2,4
2017-07-17,The Gift,2015,https://boxd.it/aJMy,4
2017-07-22,The Prestige,2006,https://boxd.it/293w,4.5
2017-07-24,The Room,2003,https://boxd.it/1ICY,0.5
2017-07-27,Dope,2015,https://boxd.it/9Tho,4
2017-08-20,A Ghost Story,2017,https://boxd.it/fb0K,4.5
2017-08-21,Logan Lucky,2017,https://boxd.it/dZrs,3
2017-08-23,Django Unchained,2012,https://boxd.it/2cCk,4.5
2017-08-23,The Hateful Eight,2015,https://boxd.it/8gw8,4
2017-08-23,Paterson,2016,https://boxd.it/cRk2,4.5
2017-08-27,Good Time,2017,https://boxd.it/fcFu,4.5
2017-08-30,GoodFellas,1990,https://boxd.it/29FA,5
2017-09-09,It,2017,https://boxd.it/bC8e,2.5
2017-09-11,Requiem for a Dream,2000,https://boxd.it/29VI,4.5
2017-09-11,The Hitman's Bodyguard,2017,https://boxd.it/dCmO,2
2017-09-25,Alien: Covenant,2017,https://boxd.it/49UY,3.5
2017-09-25,Prometheus,2012,https://boxd.it/2s9e,3
2017-09-29,Wind River,2017,https://boxd.it/dR3i,3
2017-10-04,It Follows,2014,https://boxd.it/87wo,4
2017-10-12,Battle of the Sexes,2017,https://boxd.it/cNxw,3
2017-10-15,Raw,2016,https://boxd.it/dLd2,4
2017-10-15,Only God Forgives,2013,https://boxd.it/2HBs,3.5
2017-10-15,The Muppets,2011,https://boxd.it/1zg,3.5
2017-10-15,Bee Movie,2007,https://boxd.it/22Vw,2
2017-10-15,Cars,2006,https://boxd.it/29ho,2.5
2017-10-15,E.T. the Extra-Terrestrial,1982,https://boxd.it/2a1G,4.5
2017-10-19,Punch-Drunk Love,2002,https://boxd.it/20E4,4.5
2017-10-22,The Foreigner,2017,https://boxd.it/dbRg,3
2017-10-22,Captain Fantastic,2016,https://boxd.it/b2K2,4.5
2017-11-03,Thor,2011,https://boxd.it/1WQU,2
2017-11-03,Thor: The Dark World,2013,https://boxd.it/2DqA,2.5
2017-11-10,Murder on the Orient Express,2017,https://boxd.it/dHjA,3
2017-11-16,Guardians of the Galaxy Vol. 2,2017,https://boxd.it/8MxC,3
2017-11-24,How the Grinch Stole Christmas,2000,https://boxd.it/1ZHQ,2.5
2017-11-25,Baby Driver,2017,https://boxd.it/bhF2,4
2017-12-07,Enemy,2013,https://boxd.it/5xtO,4
2017-12-07,Logan,2017,https://boxd.it/7Piy,4
2017-12-08,Manchester by the Sea,2016,https://boxd.it/b2L0,4.5
2017-12-08,The Lego Batman Movie,2017,https://boxd.it/azp0,3
2017-12-08,Passengers,2016,https://boxd.it/8lFu,2
2017-12-08,Masterminds,2016,https://boxd.it/6mTe,1.5
2017-12-08,The Good Dinosaur,2015,https://boxd.it/3AD4,2
2017-12-08,Poltergeist,2015,https://boxd.it/79UK,1
2017-12-08,Insidious: Chapter 3,2015,https://boxd.it/8BkM,2
2017-12-08,The Secret Life of Walter Mitty,2013,https://boxd.it/3SWy,3.5
2017-12-08,Locke,2013,https://boxd.it/6hHC,3.5
2017-12-10,2001: A Space Odyssey,1968,https://boxd.it/2bf0,5
2017-12-11,Arrival,2016,https://boxd.it/aNGk,4.5
2017-12-11,Rogue One: A Star Wars Story,2016,https://boxd.it/aPvy,3
2017-12-13,mother!,2017,https://boxd.it/dgRU,4
2017-12-16,Star Wars: The Force Awakens,2015,https://boxd.it/4vru,3.5
2017-12-17,A Glimpse Inside the Mind of Charles Swan III,2012,https://boxd.it/45ZU,1.5
2017-12-19,Nacho Libre,2006,https://boxd.it/1YTG,3
2017-12-22,Tangerine,2015,https://boxd.it/9QRe,3.5
2017-12-22,Monty Python and the Holy Grail,1975,https://boxd.it/29GI,4
2017-12-26,Okja,2017,https://boxd.it/dvXe,3.5
2017-12-27,Ginger & Rosa,2012,https://boxd.it/41Ig,2.5
2017-12-27,The Incredibles,2004,https://boxd.it/1XLm,4.5
2017-12-29,The Truman Show,1998,https://boxd.it/18U8,4.5
2017-12-30,Frank,2014,https://boxd.it/5hII,4
2018-01-04,Bronson,2008,https://boxd.it/1GM8,4
2018-01-15,Obvious Child,2014,https://boxd.it/7i3A,3
2018-01-19,Fat Girl,2001,https://boxd.it/2a6w,4
2018-01-21,Phantom Thread,2017,https://boxd.it/e4uc,4
2018-01-21,10 Cloverfield Lane,2016,https://boxd.it/aZiu,3.5
2018-01-24,Lady Bird,2017,https://boxd.it/dGNE,4.5
2018-01-24,The Greatest Showman,2017,https://boxd.it/acjI,2
2018-01-25,The Shape of Water,2017,https://boxd.it/dZ5m,4
2018-01-27,Taxi Driver,1976,https://boxd.it/2b8y,4.5
2018-02-03,Call Me by Your Name,2017,https://boxd.it/dYmm,4
2018-02-04,Seven Samurai,1954,https://boxd.it/2axi,5
2018-02-04,"I, Tonya",2017,https://boxd.it/dzR0,3.5
2018-02-09,A Clockwork Orange,1971,https://boxd.it/2aVE,5
2018-02-11,Saving Private Ryan,1998,https://boxd.it/29ro,4
2018-02-15,Blade Runner,1982,https://boxd.it/2bcA,4.5
2018-02-16,Thor: Ragnarok,2017,https://boxd.it/8MHi,3
2018-02-16,Spider-Man: Homecoming,2017,https://boxd.it/aboM,3
2018-02-26,The World's End,2013,https://boxd.it/3EiO,4
2018-02-26,Mr. Nobody,2009,https://boxd.it/1k44,4.5
2018-02-27,Black Panther,2018,https://boxd.it/8MHs,3.5
2018-02-28,Annihilation,2018,https://boxd.it/9yzm,3
2018-03-04,It Comes at Night,2017,https://boxd.it/eLuk,3.5
2018-03-04,Dunkirk,2017,https://boxd.it/d0Y6,4
2018-03-05,Full Metal Jacket,1987,https://boxd.it/2a1Q,4
2018-03-10,Game Night,2018,https://boxd.it/fRtu,3
2018-03-18,Frances Ha,2012,https://boxd.it/41Xg,4
2018-03-25,Dr. Strangelove or: How I Learned to Stop Worrying and Love the Bomb,1964,https://boxd.it/29eY,5
2018-03-27,The Place Beyond the Pines,2012,https://boxd.it/3mDu,4
2018-03-29,Ready Player One,2018,https://boxd.it/aZes,2.5
2018-04-06,A Quiet Place,2018,https://boxd.it/fVJQ,3
2018-04-13,The Death of Stalin,2017,https://boxd.it/ea9Y,3.5
2018-04-14,Fantastic Mr. Fox,2009,https://boxd.it/1WyQ,4.5
2018-04-27,Avengers: Infinity War,2018,https://boxd.it/9vEe,3.5
2018-04-28,Justice League,2017,https://boxd.it/4w68,2
2018-04-30,Se7en,1995,https://boxd.it/29zs,4.5
2018-05-03,The Disaster Artist,2017,https://boxd.it/cTqc,3
2018-05-04,Tully,2018,https://boxd.it/e4kc,3.5
2018-05-07,The Killing of a Sacred Deer,2017,https://boxd.it/dZ5G,3.5
2018-05-10,Fruitvale Station,2013,https://boxd.it/4VRy,4
2018-05-11,Paths of Glory,1957,https://boxd.it/29b6,5
2018-05-14,There Will Be Blood,2007,https://boxd.it/20Z2,5
2018-05-19,Deadpool,2016,https://boxd.it/9fOC,3
2018-05-19,Deadpool 2,2018,https://boxd.it/dlLM,3
2018-05-23,Fargo,1996,https://boxd.it/2aHM,4
2018-05-27,Napoleon Dynamite,2004,https://boxd.it/20wu,3.5
2018-05-27,Wayne's World,1992,https://boxd.it/1ZHG,3
2018-05-27,Night at the Museum,2006,https://boxd.it/28wi,2.5
2018-05-27,The Hangover,2009,https://boxd.it/1GjK,3
2018-05-28,Solo: A Star Wars Story,2018,https://boxd.it/bGWs,3
2018-06-08,A Serious Man,2009,https://boxd.it/1RFW,4
2018-06-11,Room,2015,https://boxd.it/7T0y,4
2018-06-12,Red Sparrow,2018,https://boxd.it/e7Pi,2.5
2018-06-14,We Need to Talk About Kevin,2011,https://boxd.it/2pTS,4
2018-06-28,Jurassic World: Fallen Kingdom,2018,https://boxd.it/bOnU,2
2018-06-29,Sicario,2015,https://boxd.it/8i7u,4
2018-07-01,Eyes Wide Shut,1999,https://boxd.it/2axs,4.5
2018-07-01,Sicario: Day of the Soldado,2018,https://boxd.it/e4fG,2.5
2018-07-03,Heaven Knows What,2014,https://boxd.it/8P1a,3.5
2018-07-04,Last Flag Flying,2017,https://boxd.it/ePAG,3.5
2018-07-07,Bruce Almighty,2003,https://boxd.it/2aCC,3
2018-07-10,Yellow Submarine,1968,https://boxd.it/1Sxa,2.5
2018-07-11,The Rider,2017,https://boxd.it/gazw,3.5
2018-07-11,Ant-Man,2015,https://boxd.it/3vmW,3.5
2018-07-13,Mission: Impossible,1996,https://boxd.it/29d2,3
2018-07-14,Sorry to Bother You,2018,https://boxd.it/f21E,3.5
2018-07-15,Lethal Weapon,1987,https://boxd.it/29e0,3.5
2018-07-15,Mission: Impossible II,2000,https://boxd.it/29cS,2.5
2018-07-16,Barry Lyndon,1975,https://boxd.it/25A2,4.5
2018-07-17,Paddington 2,2017,https://boxd.it/bCF8,4
2018-07-18,Hereditary,2018,https://boxd.it/hNVe,4.5
2018-07-18,Kingsman: The Secret Service,2014,https://boxd.it/6dxe,3.5
2018-07-18,Zootopia,2016,https://boxd.it/84xS,3.5
2018-07-18,Moana,2016,https://boxd.it/8tfY,3.5
2018-07-18,Groundhog Day,1993,https://boxd.it/2b3e,3.5
2018-07-18,Edward Scissorhands,1990,https://boxd.it/2aZc,3.5
2018-07-18,A Bug's Life,1998,https://boxd.it/1Yyy,3
2018-07-18,Bernie,2011,https://boxd.it/3eWe,3.5
2018-07-18,Insidious: Chapter 2,2013,https://boxd.it/3dqc,3
2018-07-18,Mindwalk,1990,https://boxd.it/HJi,3
2018-07-18,Kingsman: The Golden Circle,2017,https://boxd.it/buJm,2.5
2018-07-18,Hidden Figures,2016,https://boxd.it/dgS4,3
2018-07-18,Kung Fu Panda,2008,https://boxd.it/1Yws,3
2018-07-18,Insidious,2010,https://boxd.it/H4k,3
2018-07-18,Anchorman 2: The Legend Continues,2013,https://boxd.it/3GNk,3
2018-07-18,Allied,2016,https://boxd.it/cP42,3
2018-07-18,The Wall,2017,https://boxd.it/eh1s,3
2018-07-18,Fantastic Beasts and Where to Find Them,2016,https://boxd.it/7FPC,2.5
2018-07-18,Up,2009,https://boxd.it/1OEc,3.5
2018-07-18,Under the Skin,2013,https://boxd.it/3mDa,3.5
2018-07-18,Pirates of the Caribbean: The Curse of the Black Pearl,2003,https://boxd.it/70G,3
2018-07-18,Dawn of the Planet of the Apes,2014,https://boxd.it/3XyQ,3.5
2018-07-18,Beetlejuice,1988,https://boxd.it/24QI,3.5
2018-07-18,Sweeney Todd: The Demon Barber of Fleet Street,2007,https://boxd.it/1PcS,3.5
2018-07-18,Pee-wee's Big Adventure,1985,https://boxd.it/22Lw,3.5
2018-07-18,Café Society,2016,https://boxd.it/bhEy,3.5
2018-07-18,The Founder,2016,https://boxd.it/9XwM,3.5
2018-07-18,The Bourne Supremacy,2004,https://boxd.it/26EE,3.5
2018-07-18,The Bourne Ultimatum,2007,https://boxd.it/26Eu,3.5
2018-07-18,The Bourne Identity,2002,https://boxd.it/26EO,3
2018-07-18,Finding Dory,2016,https://boxd.it/4aAA,2.5
2018-07-18,The Da Vinci Code,2006,https://boxd.it/2a3i,2.5
2018-07-18,The Belko Experiment,2016,https://boxd.it/blCw,2.5
2018-07-18,Damsel,2018,https://boxd.it/eBqs,3
2018-07-20,Coco,2017,https://boxd.it/bYJQ,3
2018-07-20,Incredibles 2,2018,https://boxd.it/7IPg,3.5
2018-07-20,Isle of Dogs,2018,https://boxd.it/dZrW,3.5
2018-07-20,Suicide Squad,2016,https://boxd.it/9row,1.5
2018-07-20,Central Intelligence,2016,https://boxd.it/9DFE,2
2018-07-20,Flubber,1997,https://boxd.it/1YkQ,2
2018-07-20,Beauty and the Beast,2017,https://boxd.it/ar0c,2.5
2018-07-20,Life,2017,https://boxd.it/dRqG,2
2018-07-20,The Shallows,2016,https://boxd.it/aXgQ,2
2018-07-20,What Dreams May Come,1998,https://boxd.it/1SoM,2.5
2018-07-20,Mission: Impossible III,2006,https://boxd.it/29cI,3.5
2018-07-21,Prisoners,2013,https://boxd.it/4E5i,4
2018-07-22,Lars and the Real Girl,2007,https://boxd.it/21tG,3.5
2018-07-23,Mission: Impossible - Ghost Protocol,2011,https://boxd.it/psI,3.5
2018-07-25,Mission: Impossible - Rogue Nation,2015,https://boxd.it/5rI4,3.5
2018-07-26,Won't You Be My Neighbor?,2018,https://boxd.it/hDPU,4
2018-07-26,Kill Bill: Vol. 2,2004,https://boxd.it/2au4,3.5
2018-07-26,Kill Bill: Vol. 1,2003,https://boxd.it/70w,3.5
2018-07-27,Mission: Impossible - Fallout,2018,https://boxd.it/bSVc,4
2018-07-27,Thoroughbreds,2017,https://boxd.it/dVHQ,3
2018-07-29,Lean on Pete,2017,https://boxd.it/emgM,3.5
2018-07-30,The Witch,2015,https://boxd.it/9X0m,4
2018-07-31,Blindspotting,2018,https://boxd.it/hDMw,3.5
2018-08-03,The Umbrellas of Cherbourg,1964,https://boxd.it/22fK,5
2018-08-04,Eighth Grade,2018,https://boxd.it/hDMG,4
2018-08-05,You Were Never Really Here,2017,https://boxd.it/dWOS,4
2018-08-07,American Psycho,2000,https://boxd.it/28Vs,3.5
2018-08-11,Insomnia,2002,https://boxd.it/2aB0,3
2018-08-11,Half Nelson,2006,https://boxd.it/20Ng,2.5
2018-08-12,Saw,2004,https://boxd.it/2aWW,2.5
2018-08-12,The Beguiled,2017,https://boxd.it/dZ1k,4
2018-08-16,BlacKkKlansman,2018,https://boxd.it/hxL8,4
2018-08-17,"Don't Worry, He Won't Get Far on Foot",2018,https://boxd.it/fLeo,3.5
2018-08-30,Tusk,2014,https://boxd.it/7eoa,2
2018-08-30,Laura,1944,https://boxd.it/27Oq,3.5
2018-09-02,The Little Stranger,2018,https://boxd.it/gffG,2.5
2018-09-06,Life After Beth,2014,https://boxd.it/7bqM,2
2018-09-06,Bicycle Thieves,1948,https://boxd.it/23hW,5
2018-09-07,Searching,2018,https://boxd.it/hDPg,3.5
2018-09-13,Witness for the Prosecution,1957,https://boxd.it/18H4,3.5
2018-09-14,Mandy,2018,https://boxd.it/gtti,3
2018-09-27,Notorious,1946,https://boxd.it/2aDK,4
2018-10-08,Venom,2018,https://boxd.it/b8wA,1.5
2018-10-11,Singin' in the Rain,1952,https://boxd.it/29oY,5
2018-10-11,A Star Is Born,2018,https://boxd.it/aXgc,3
2018-10-13,First Man,2018,https://boxd.it/cPym,3
2018-10-16,Bad Times at the El Royale,2018,https://boxd.it/fSA2,3
2018-10-18,Do the Right Thing,1989,https://boxd.it/29gA,5
2018-10-28,mid90s,2018,https://boxd.it/fxIa,3
2018-10-29,First Reformed,2017,https://boxd.it/go9C,5
2018-10-30,The Spectacular Now,2013,https://boxd.it/4VSG,3
2018-10-30,Robin Williams: Come Inside My Mind,2018,https://boxd.it/hLSi,3.5
2018-10-31,The Old Man & the Gun,2018,https://boxd.it/fd1q,3.5
2018-11-01,20 Feet from Stardom,2013,https://boxd.it/4Yoa,3.5
2018-11-02,Ant-Man and the Wasp,2018,https://boxd.it/cqUW,2.5
2018-11-07,Suspiria,2018,https://boxd.it/cioI,3.5
2018-11-07,Forrest Gump,1994,https://boxd.it/728,4
2018-11-08,High Noon,1952,https://boxd.it/2aGa,3.5
2018-11-09,Bohemian Rhapsody,2018,https://boxd.it/f1TK,2.5
2018-11-12,Beautiful Boy,2018,https://boxd.it/g76Q,2.5
2018-11-15,Alien,1979,https://boxd.it/2awY,4
2018-11-17,Boy Erased,2018,https://boxd.it/gWxe,3
2018-11-19,Overlord,2018,https://boxd.it/fAwm,2.5
2018-11-23,Widows,2018,https://boxd.it/e6gc,4
2018-12-07,Strange Days,1995,https://boxd.it/2aGO,2.5
2018-12-07,Creed II,2018,https://boxd.it/hgl8,3
2018-12-15,Gran Torino,2008,https://boxd.it/1Qzy,1.5
2018-12-16,Dirty Harry,1971,https://boxd.it/299E,3.5
2018-12-18,Little Miss Sunshine,2006,https://boxd.it/29EW,4
2018-12-19,The Princess Bride,1987,https://boxd.it/26EY,3.5
2018-12-21,Aquaman,2018,https://boxd.it/9ru0,2.5
2018-12-23,What We Do in the Shadows,2014,https://boxd.it/7eQy,4
2018-12-31,The Favourite,2018,https://boxd.it/d2hI,4.5
2018-12-31,The Lost City of Z,2016,https://boxd.it/a7jS,4
2019-01-01,Roma,2018,https://boxd.it/f69M,4.5
2019-01-02,Batman Begins,2005,https://boxd.it/2aIg,3.5
2019-01-04,The Dark Knight,2008,https://boxd.it/2b0k,4.5
2019-01-04,Wildlife,2018,https://boxd.it/eKYe,3.5
2019-01-09,Green Room,2015,https://boxd.it/a75m,3.5
2019-01-11,Ben Is Back,2018,https://boxd.it/hKfk,2.5
2019-01-14,Unbreakable,2000,https://boxd.it/1XV2,4.5
2019-01-16,Split,2016,https://boxd.it/dgSy,3
2019-01-16,"Three Billboards Outside Ebbing, Missouri",2017,https://boxd.it/ceBS,4
2019-01-16,Pirates of the Caribbean: Dead Men Tell No Tales,2017,https://boxd.it/5a9m,2.5
2019-01-16,Ghost in the Shell,2017,https://boxd.it/abTA,3
2019-01-18,Glass,2019,https://boxd.it/g3uO,2.5
2019-01-28,A Simple Favor,2018,https://boxd.it/hq92,2
2019-02-05,Velvet Buzzsaw,2019,https://boxd.it/gAy0,1.5
2019-02-08,They Shall Not Grow Old,2018,https://boxd.it/jP62,4
2019-02-21,The Lego Movie 2: The Second Part,2019,https://boxd.it/8BAU,3
2019-02-21,The Ballad of Buster Scruggs,2018,https://boxd.it/jB2q,3.5
2019-02-24,Alita: Battle Angel,2019,https://boxd.it/e0rS,2.5
2019-02-26,How to Train Your Dragon: The Hidden World,2019,https://boxd.it/5a9w,3
2019-03-05,Climax,2018,https://boxd.it/ikvo,4
2019-03-08,Zodiac,2007,https://boxd.it/27MO,4.5
2019-03-10,Gloria Bell,2018,https://boxd.it/hIhI,3.5
2019-03-12,Captain Marvel,2019,https://boxd.it/9vSA,3
2019-03-13,Ex Machina,2014,https://boxd.it/7T2k,4.5
2019-03-20,Spider-Man: Into the Spider-Verse,2018,https://boxd.it/azpY,4.5
2019-03-24,Shazam!,2019,https://boxd.it/8WBu,2.5
2019-04-10,Spring Breakers,2012,https://boxd.it/421s,3.5
2019-04-11,The Man Who Killed Don Quixote,2018,https://boxd.it/9rkY,2
2019-04-11,The Kid,2019,https://boxd.it/hKpY,2
2019-04-14,Us,2019,https://boxd.it/gnV6,3.5
2019-04-14,If Beale Street Could Talk,2018,https://boxd.it/gGhu,4
2019-04-15,Captain America: The First Avenger,2011,https://boxd.it/28b0,3
2019-04-23,The Avengers,2012,https://boxd.it/1xFW,3.5
2019-04-24,Avengers: Age of Ultron,2015,https://boxd.it/3qi6,3
2019-04-26,Avengers: Endgame,2019,https://boxd.it/9vE4,3.5
2019-04-29,The Simpsons Movie,2007,https://boxd.it/6YU,2.5
2019-04-30,Burning,2018,https://boxd.it/hHUa,4
2019-05-01,The Departed,2006,https://boxd.it/28MA,4.5
2019-05-11,The Matrix,1999,https://boxd.it/2a1m,4
2019-05-18,Burn After Reading,2008,https://boxd.it/23BW,3.5
2019-05-18,John Wick: Chapter 3 - Parabellum,2019,https://boxd.it/gmFw,4
2019-05-21,Barton Fink,1991,https://boxd.it/2aFQ,4.5
2019-05-22,The Rover,2014,https://boxd.it/4WCY,3.5
2019-05-22,Pokémon Detective Pikachu,2019,https://boxd.it/fVA0,2.5
2019-05-26,Gone Girl,2014,https://boxd.it/6hQu,4
2019-06-07,Booksmart,2019,https://boxd.it/igNS,2.5
2019-06-07,This Is the End,2013,https://boxd.it/3GB4,2
2019-06-10,Rocketman,2019,https://boxd.it/iehK,3.5
2019-06-12,Aladdin,2019,https://boxd.it/eSjy,2
2019-06-14,The Dead Don't Die,2019,https://boxd.it/juZg,3.5
2019-06-16,Can You Ever Forgive Me?,2018,https://boxd.it/e7x4,3.5
2019-06-22,Nightcrawler,2014,https://boxd.it/780m,4
2019-06-27,Toy Story 4,2019,https://boxd.it/9ALu,3
2019-06-28,Ralph Breaks the Internet,2018,https://boxd.it/edAy,2
2019-06-28,Laggies,2014,https://boxd.it/7aRC,2.5
2019-07-02,Spider-Man: Far from Home,2019,https://boxd.it/fegG,3
2019-07-04,Swiss Army Man,2016,https://boxd.it/bDG2,4
2019-07-09,Black Swan,2010,https://boxd.it/Sw0,4.5
2019-07-14,The Last Black Man in San Francisco,2019,https://boxd.it/iWAw,4
2019-07-18,Stuber,2019,https://boxd.it/izHE,3
2019-07-19,A Most Violent Year,2014,https://boxd.it/75Va,3
2019-07-19,Free Fire,2016,https://boxd.it/b2Ig,3
2019-07-21,The Lion King,2019,https://boxd.it/eSjI,2
2019-07-24,The Art of Self-Defense,2019,https://boxd.it/hf5y,3.5
2019-07-26,Once Upon a Time… in Hollywood,2019,https://boxd.it/gH0O,3.5
2019-07-29,8½,1963,https://boxd.it/2aqm,4
2019-07-29,Funny Games,1997,https://boxd.it/1WKM,4
2019-08-05,Top Gun,1986,https://boxd.it/29JC,3
2019-08-08,Jackie Brown,1997,https://boxd.it/2aVO,3.5
2019-08-08,Pulp Fiction,1994,https://boxd.it/29Pq,4
2019-08-08,Reservoir Dogs,1992,https://boxd.it/2agc,4
2019-08-12,The Beach Bum,2019,https://boxd.it/fH4O,3
2019-08-16,The Farewell,2019,https://boxd.it/kIky,4
2019-08-17,Blinded by the Light,2019,https://boxd.it/jrYO,3
2019-08-25,The Peanut Butter Falcon,2019,https://boxd.it/gzu2,3
2019-08-26,Ready or Not,2019,https://boxd.it/kOf0,3
2019-08-28,Green Book,2018,https://boxd.it/hErk,2.5
2019-09-02,The King of Comedy,1982,https://boxd.it/2aJS,4.5
2019-09-06,It Chapter Two,2019,https://boxd.it/h10u,1.5
2019-09-08,Shutter Island,2010,https://boxd.it/1U82,4
2019-09-13,Ma,2019,https://boxd.it/i8Wi,1.5
2019-09-17,Daughters of the Dust,1991,https://boxd.it/2dkw,3.5
2019-09-20,Ad Astra,2019,https://boxd.it/ePzI,3
2019-10-04,Joker,2019,https://boxd.it/h4cS,3
2019-10-12,El Camino: A Breaking Bad Movie,2019,https://boxd.it/kv0q,3
2019-10-21,High Life,2018,https://boxd.it/d6bk,3
2019-10-28,Scary Stories to Tell in the Dark,2019,https://boxd.it/eJTW,2
2019-10-29,The Lighthouse,2019,https://boxd.it/icFU,4.5
2019-11-01,The Blair Witch Project,1999,https://boxd.it/26ua,3
2019-11-03,Raging Bull,1980,https://boxd.it/28yI,4
2019-11-09,Parasite,2019,https://boxd.it/hTha,5
2019-11-11,Doctor Sleep,2019,https://boxd.it/i5vI,3
2019-11-18,Return of the Jedi,1983,https://boxd.it/27Vm,3.5
2019-11-20,Jojo Rabbit,2019,https://boxd.it/iEBG,2
2019-11-22,Ford v Ferrari,2019,https://boxd.it/ce74,3
2019-11-23,Knives Out,2019,https://boxd.it/jWEA,4
2019-11-23,Hustlers,2019,https://boxd.it/jIBM,3.5
2019-11-25,Star Wars: The Last Jedi,2017,https://boxd.it/5xme,3.5
2019-11-30,The Irishman,2019,https://boxd.it/dYOq,4.5
2019-12-01,Mean Streets,1973,https://boxd.it/2aSU,3.5
2019-12-06,The Report,2019,https://boxd.it/j2X2,3
2019-12-07,Honey Boy,2019,https://boxd.it/ixvm,3.5
2019-12-08,Marriage Story,2019,https://boxd.it/hJAw,4
2019-12-09,A Beautiful Day in the Neighborhood,2019,https://boxd.it/i7vA,3
2019-12-11,The Meyerowitz Stories (New and Selected),2017,https://boxd.it/dSp0,4
2019-12-12,Akira,1988,https://boxd.it/2b1i,4
2019-12-16,Richard Jewell,2019,https://boxd.it/99Mg,2.5
2019-12-20,Star Wars: The Rise of Skywalker,2019,https://boxd.it/5xlK,2
2019-12-28,Uncut Gems,2019,https://boxd.it/gXGc,4.5
2020-01-07,Death Proof,2007,https://boxd.it/27GG,3
2020-01-13,Rosemary's Baby,1968,https://boxd.it/29zM,4.5
2020-01-19,1917,2019,https://boxd.it/jj4y,3.5
2020-01-21,The Master,2012,https://boxd.it/2cBG,4
2020-01-24,Midsommar,2019,https://boxd.it/jhxe,4
2020-01-27,The Bling Ring,2013,https://boxd.it/3lPY,2
2020-02-09,Birds of Prey (and the Fantabulous Emancipation of One Harley Quinn),2020,https://boxd.it/hSyO,2
2020-02-13,Portrait of a Lady on Fire,2019,https://boxd.it/jkPq,5
2020-02-14,Blue Valentine,2010,https://boxd.it/MxG,4
2020-02-16,Water Lilies,2007,https://boxd.it/1VjK,3.5
2020-02-16,Sonic the Hedgehog,2020,https://boxd.it/gdK8,2
2020-02-18,Blow-Up,1966,https://boxd.it/2966,2.5
2020-02-19,Little Women,2019,https://boxd.it/aSVk,4
2020-02-21,La Haine,1995,https://boxd.it/2as8,4.5
2020-02-28,Shoplifters,2018,https://boxd.it/ifY6,4.5
2020-03-02,The Invisible Man,2020,https://boxd.it/kWlA,3.5
2020-03-12,Emma.,2020,https://boxd.it/kmg0,2.5
2020-03-17,Misery,1990,https://boxd.it/28gY,3.5
2020-03-20,Magnolia,1999,https://boxd.it/2aze,4
2020-03-30,The Seventh Seal,1957,https://boxd.it/2ahO,4.5
2020-04-05,Dogtooth,2009,https://boxd.it/158K,3.5
2020-04-07,The Cabin in the Woods,2011,https://boxd.it/1zOc,2.5
2020-04-11,Under the Silver Lake,2018,https://boxd.it/dSAs,4
2020-04-14,Being John Malkovich,1999,https://boxd.it/2ahu,4
2020-04-25,Silence,2016,https://boxd.it/2cAo,4.5
2020-04-26,Bringing Out the Dead,1999,https://boxd.it/1ZZK,3
2020-04-30,Blade Runner 2049,2017,https://boxd.it/b8wK,4.5
2020-05-07,The Piano Teacher,2001,https://boxd.it/2886,4
2020-05-11,Gerald's Game,2017,https://boxd.it/buKa,2.5
2020-05-11,Vice,2018,https://boxd.it/fcFY,2
2020-05-12,Inside Llewyn Davis,2013,https://boxd.it/34Ro,4.5
2020-05-14,The Grand Budapest Hotel,2014,https://boxd.it/3ZqO,4
2020-05-15,Rope,1948,https://boxd.it/28yo,3.5
2020-05-18,The Death of Dick Long,2019,https://boxd.it/kIoA,3
2020-05-20,(500) Days of Summer,2009,https://boxd.it/1EmM,3
2020-05-20,Taste of Cherry,1997,https://boxd.it/1m8W,4
2020-05-21,The Nice Guys,2016,https://boxd.it/94Hg,3.5
2020-05-22,Children of Men,2006,https://boxd.it/1Y2i,4.5
2020-05-27,The Invitation,2015,https://boxd.it/9OUU,3
2020-06-04,Before Sunrise,1995,https://boxd.it/2bcU,4.5
2020-06-04,Before Sunset,2004,https://boxd.it/2bcg,4.5
2020-06-04,Before Midnight,2013,https://boxd.it/4ive,4.5
2020-06-04,The Wind Rises,2013,https://boxd.it/4JQS,4
2020-06-07,Kubo and the Two Strings,2016,https://boxd.it/a4wE,3.5
2020-06-12,The Handmaiden,2016,https://boxd.it/948A,4
2020-06-14,Da 5 Bloods,2020,https://boxd.it/lnXw,4
2020-06-18,Pariah,2011,https://boxd.it/2wWk,4.5
2020-07-03,Her,2013,https://boxd.it/4O24,4.5
2020-07-04,The Florida Project,2017,https://boxd.it/dMG0,4.5
2020-07-04,In the Mood for Love,2000,https://boxd.it/29tE,5
2020-07-05,Road Trip,2000,https://boxd.it/1Z4a,1
2020-07-10,Eraserhead,1977,https://boxd.it/299u,4.5
2020-07-18,Palm Springs,2020,https://boxd.it/lCXQ,3.5
2020-07-21,Shirley,2020,https://boxd.it/jY2o,4
2020-07-23,20th Century Women,2016,https://boxd.it/bqU6,4
2020-07-25,Cam,2018,https://boxd.it/iWvG,2
2020-07-30,Assassination Nation,2018,https://boxd.it/fSIq,2.5
2020-08-03,The Evil Dead,1981,https://boxd.it/29Go,3.5
2020-08-11,The Babysitter,2017,https://boxd.it/eP1w,1
2020-08-13,Twin Peaks: Fire Walk with Me,1992,https://boxd.it/27Qw,5
2020-08-25,Spirited Away,2001,https://boxd.it/2b4m,4.5
2020-08-26,Them That Follow,2019,https://boxd.it/hvwg,2.5
2020-08-27,At Eternity's Gate,2018,https://boxd.it/hI40,3.5
2020-09-02,Candyman,1992,https://boxd.it/1Ys6,3.5
2020-09-02,Tenet,2020,https://boxd.it/leq4,3
2020-09-13,The Story of a Cheat,1936,https://boxd.it/374,4
2020-09-15,Bill & Ted's Bogus Journey,1991,https://boxd.it/28oy,4
2020-09-16,The New Mutants,2020,https://boxd.it/bjle,2
2020-09-17,Drive,2011,https://boxd.it/IG,4.5
2020-09-18,The Personal History of David Copperfield,2019,https://boxd.it/iTAS,2.5
2020-09-21,The Exorcist,1973,https://boxd.it/1Yoo,4
2020-09-26,Don't Look Now: We're Being Shot At,1966,https://boxd.it/20oq,4
2020-09-26,Four Bags Full,1956,https://boxd.it/1Fx2,3
2020-10-03,Bill & Ted Face the Music,2020,https://boxd.it/i7BI,2.5
2020-10-08,Monsieur Hulot's Holiday,1953,https://boxd.it/29E8,3.5
2020-10-08,The Purge,2013,https://boxd.it/4Xg0,1
2020-10-09,Borat: Cultural Learnings of America for Make Benefit Glorious Nation of Kazakhstan,2006,https://boxd.it/2agQ,3.5
2020-10-10,The Mad Adventures of Rabbi Jacob,1973,https://boxd.it/29H2,3.5
2020-10-13,Killer Klowns from Outer Space,1988,https://boxd.it/1Kpi,3.5
2020-10-17,The African Doctor,2016,https://boxd.it/dLRG,2.5
2020-10-22,The Thing,1982,https://boxd.it/294O,4
2020-10-24,La Cage aux Folles,1978,https://boxd.it/24g6,3
2020-10-25,Little Shop of Horrors,1986,https://boxd.it/1Vqm,4.5
2020-10-27,Borat Subsequent Moviefilm,2020,https://boxd.it/rNS0,3.5
2020-10-29,Boys State,2020,https://boxd.it/oiNW,4
2020-10-31,Slack Bay,2016,https://boxd.it/cTOI,2.5
2020-11-03,Mulholland Drive,2001,https://boxd.it/297o,5
2020-11-05,Blood Simple,1984,https://boxd.it/1U16,4
2020-11-07,2 Days in Paris,2007,https://boxd.it/2828,3.5
2020-11-12,"Paris, Texas",1984,https://boxd.it/29Ts,4
2020-11-17,The Fountain,2006,https://boxd.it/28RU,3
2020-11-20,After Hours,1985,https://boxd.it/1VfS,4
2020-11-21,French Twist,1995,https://boxd.it/24gq,2.5
2020-11-21,Family Resemblances,1996,https://boxd.it/1NF4,3
2020-11-24,Come and See,1985,https://boxd.it/1w9q,5
2020-11-27,Twelve Monkeys,1995,https://boxd.it/2beQ,3.5
2020-11-28,Dog Day Afternoon,1975,https://boxd.it/29bg,4.5
2020-11-30,An American Werewolf in London,1981,https://boxd.it/29yk,4
2020-11-30,Persona,1966,https://boxd.it/29B4,5
2020-12-01,Welcome to the Sticks,2008,https://boxd.it/20si,3
2020-12-05,He Even Has Your Eyes,2016,https://boxd.it/dYHE,2.5
2020-12-05,Evil Dead II,1987,https://boxd.it/29Ge,2.5
2020-12-13,Cape Fear,1991,https://boxd.it/28vu,3.5
2020-12-20,"They Shoot Horses, Don't They?",1969,https://boxd.it/1q9u,4.5
2020-12-22,Shrek,2001,https://boxd.it/29zi,4
2020-12-27,The Wolf of Wall Street,2013,https://boxd.it/3C1m,4.5
2021-01-04,Soul,2020,https://boxd.it/ioLA,3.5
2021-01-06,My Dinner with Andre,1981,https://boxd.it/1vLe,5
2021-01-13,Grave of the Fireflies,1988,https://boxd.it/1RUM,4
2021-01-20,Sound of Metal,2019,https://boxd.it/i7Q4,4
2021-01-23,Lost in Translation,2003,https://boxd.it/2b0E,3.5
2021-01-24,Boogie Nights,1997,https://boxd.it/23um,4
2021-01-27,The Big Lebowski,1998,https://boxd.it/2b6C,5
2021-01-30,Hellraiser,1987,https://boxd.it/1Zpi,3
2021-02-02,The Elephant Man,1980,https://boxd.it/27LQ,4.5
2021-02-02,Donnie Darko,2001,https://boxd.it/2b2A,3.5
2021-02-10,Prisoners of the Ghostland,2021,https://boxd.it/j0NY,3
2021-02-13,The Straight Story,1999,https://boxd.it/2ass,4
2021-02-14,Judas and the Black Messiah,2021,https://boxd.it/lsew,4
2021-02-16,A Goofy Movie,1995,https://boxd.it/1Lwu,3.5
2021-02-17,Casino,1995,https://boxd.it/2ads,4
2021-02-20,The Fly,1986,https://boxd.it/1YIe,4
2021-02-24,Mad Max: Fury Road,2015,https://boxd.it/2DjO,4.5
2021-02-27,Monster,2003,https://boxd.it/2afy,3
2021-03-02,Upgrade,2018,https://boxd.it/i4gW,3.5
2021-03-03,Wild at Heart,1990,https://boxd.it/2aii,4
2021-03-11,Waves,2019,https://boxd.it/jpmy,3
2021-03-20,Batman v Superman: Dawn of Justice,2016,https://boxd.it/6fBW,3
2021-03-24,Zack Snyder's Justice League,2021,https://boxd.it/tLOk,3
2021-03-29,Training Day,2001,https://boxd.it/27A4,4
2021-03-31,Lost Highway,1997,https://boxd.it/29Wc,4.5
2021-04-01,Blue Velvet,1986,https://boxd.it/29BI,4
2021-04-17,Minari,2020,https://boxd.it/mL9M,4
2021-04-18,Bad Trip,2021,https://boxd.it/lgRG,3
2021-04-20,Promising Young Woman,2020,https://boxd.it/loRE,3
2021-04-21,School of Rock,2003,https://boxd.it/28xK,4
2021-04-28,Re-Animator,1985,https://boxd.it/28hM,3.5
2021-05-04,Nobody,2021,https://boxd.it/mLqS,3
2021-05-06,Nomadland,2020,https://boxd.it/lnRy,3.5
2021-05-11,The Skin I Live In,2011,https://boxd.it/99A,3.5
2021-05-21,Saint Maud,2019,https://boxd.it/l8QA,4
2021-05-22,Mortal Kombat,2021,https://boxd.it/gswA,1.5
2021-06-02,The Doom Generation,1995,https://boxd.it/1PVe,3
2021-06-25,A Quiet Place Part II,2020,https://boxd.it/iTx0,3
2021-06-30,Cruella,2021,https://boxd.it/bbKg,2.5
2021-07-01,Zola,2020,https://boxd.it/jEWQ,3.5
2021-07-16,Pig,2021,https://boxd.it/nzoW,4
2021-07-25,Old,2021,https://boxd.it/npKI,2.5
2021-08-01,The Green Knight,2021,https://boxd.it/kuy2,4
2021-08-03,Caddyshack,1980,https://boxd.it/1SCO,3.5
2021-08-09,Dumb and Dumber,1994,https://boxd.it/206m,4
2021-08-16,The Suicide Squad,2021,https://boxd.it/fw6O,3.5
2021-08-18,Happy Together,1997,https://boxd.it/1Ha0,4
2021-08-23,Help!,1965,https://boxd.it/1NiE,4
2021-08-28,Candyman,2021,https://boxd.it/kHFg,3.5
2021-09-08,Hoodwinked!,2005,https://boxd.it/1UVS,3.5
2021-09-10,The Card Counter,2021,https://boxd.it/nTH0,3.5
2021-09-13,Shang-Chi and the Legend of the Ten Rings,2021,https://boxd.it/kLDI,3
2021-10-02,Venom: Let There Be Carnage,2021,https://boxd.it/llco,2.5
2021-10-03,Titane,2021,https://boxd.it/nlQC,4
2021-10-13,Halloween,1978,https://boxd.it/2wRu,3.5
2021-10-15,Halloween,2018,https://boxd.it/f0uE,3
2021-10-15,Halloween Kills,2021,https://boxd.it/mxzG,2
2021-10-23,Dune,2021,https://boxd.it/fA7G,3.5
2021-10-26,A Nightmare on Elm Street,1984,https://boxd.it/2aw0,3.5
2021-10-27,The Texas Chain Saw Massacre,1974,https://boxd.it/1lcS,4.5
2021-10-28,Lamb,2021,https://boxd.it/tFwE,3
2021-10-29,Black Widow,2021,https://boxd.it/hWV8,2
2021-11-03,Last Night in Soho,2021,https://boxd.it/lbJC,2.5
2021-11-09,The French Dispatch,2021,https://boxd.it/jLP8,4.5
2021-11-10,Dune,1984,https://boxd.it/29tY,2.5
2021-11-14,Spencer,2021,https://boxd.it/qPMG,3.5
